Merge_Parameter_1,Latitude,Longitude,Distance,Depth_m,Bottom_Depth,Cast_Depth_m,Season,Water,Season_Water,Glacier_Name,Environ,Full_Sample_Environ,Specific_Environ,Glacial_Environ,Plume,Station_Name,Station_Number,CTD_ID,Cast_Number,ID,Trace_Metal_ID,sampname,Core_Bag,Chla_ug_L,Delta_DI13C,DIC_Conc_ppm_13C,DIC_Conc_uM,DOC_Conc_uM,TN_Conc_uM,Delta_DO13C,H1,P3,P2,H2,P1,Fmax_Sum,H1_Norm,PD_Norm,P2_Norm,HD_Norm,P1_Norm,Humic,Spring_Protein,Summer_Protein,Protein,Abs_255,SiO4_uM,PO4_uM,NO2_uM,NO3_uM,NH3_uM,Del_H,Del_O,Fraction,Ca_Ion,Mg_Ion,K_Ion,Na_Ion,MSA_Ion,Cl_Ion,Br_Ion,NO3_Ion,SO4_Ion,Notes,File_Name,Depth_m_Rounded,Temp_C,Salinity_PSU,Dis_O2_Conc,Dis_O2_Sat,Chl_A_ug_L,PAR,Turbidity_NTU,Density_R,Density,Station_ID,Day,GPS_Points,Cast_Type,Transect,Glacier,Transect_Point,CTD_Index,Date,Time_Local,Li_ppb_Dissolved,B_ppb_Dissolved,Na_ppb_Dissolved,Mg_ppb_Dissolved,Al_ppb_Dissolved,K_ppb_Dissolved,Ca_ppb_Dissolved,Ti_ppb_Dissolved,V_ppb_Dissolved,Cr_ppb_Dissolved,Fe_ppb_Dissolved,Mn_ppb_Dissolved,Ni_ppb_Dissolved,Cu_ppb_Dissolved,Zn_ppb_Dissolved,As_ppb_Dissolved,Se_ppb_Dissolved,Rb_ppb_Dissolved,Sr_ppb_Dissolved,Y_ppb_Dissolved,Zr_ppb_Dissolved,Mo_ppb_Dissolved,Sb_ppb_Dissolved,Ba_ppb_Dissolved,La_ppb_Dissolved,Ce_ppb_Dissolved,Nd_ppb_Dissolved,Pb_ppb_Dissolved,Th_ppb_Dissolved,U_ppb_Dissolved,Li_ppb_Colloidal,B_ppb_Colloidal,Na_ppb_Colloidal,Mg_ppb_Colloidal,Al_ppb_Colloidal,K_ppb_Colloidal,Ca_ppb_Colloidal,Ti_ppb_Colloidal,V_ppb_Colloidal,Cr_ppb_Colloidal,Fe_ppb_Colloidal,Mn_ppb_Colloidal,Ni_ppb_Colloidal,Cu_ppb_Colloidal,Zn_ppb_Colloidal,As_ppb_Colloidal,Se_ppb_Colloidal,Rb_ppb_Colloidal,Sr_ppb_Colloidal,Y_ppb_Colloidal,Zr_ppb_Colloidal,Mo_ppb_Colloidal,Sb_ppb_Colloidal,Ba_ppb_Colloidal,La_ppb_Colloidal,Ce_ppb_Colloidal,Nd_ppb_Colloidal,Pb_ppb_Colloidal,Th_ppb_Colloidal,U_ppb_Colloidal
VIO_10,75.66192,-81.297643,1,5,250,240,Summer,Marine,Summer_Marine,Belcher,Glaciated,Surface,Surface,Marine,Clear,VIO,10,VIO_10_5,2,VIO_10_2,,O2I_SW_001_Sample0004,70,0.0704,6.06,8,1777.540154,74.26314365,5.473952486,-23.6,0.309407398,0.105283497,0.239001948,0.070672417,0.063601495,0.787966754,0.392665548,0.133614135,0.303314761,0.089689593,0.080715962,0.482355141,0.214330097,0.303314761,,0.009517391,3.08,0.39,0,1.03,0,-16.8,-2.18,0.062606911,NA,NA,NA,NA,NA,NA,NA,NA,NA,NA,NA,NA,NA,0,NA,NA,NA,NA,NA,1025.546121,25.471,NA,NA,NA,NA,NA,NA,NA,VIO10-1.csv.6,2008-02-19,7:00:00,,,,,,,,,,,,,,,,,,,,,,,,,,,,,,,,,,,,,,,,,,,,,,,,,,,,,,,,,,,,
VIO_10,75.662173,-81.298355,1,35,250,240,Summer,Marine,Summer_Marine,Belcher,Glaciated,10-100m,10-100m,Marine,Clear,VIO,10,VIO_10_35,3,VIO_10_3,,O2I_SW2_001_Sample0005,76,0.1109,7.13,7.88,1827.539732,61.53706548,13.28355445,-24.4,0.243666763,0.01964892,0.223824501,0.062349746,0.04643538,0.595925309,0.408888093,0.032972119,0.375591534,0.104626779,0.077921476,0.513514872,0.110893595,0.375591534,,0.009865001,12.08,0.87,0.03,7.44,0.59,-12.6,-1.67,0.045159083,NA,NA,NA,NA,NA,NA,NA,NA,NA,NA,VIO10-1.csv,36,-0.8679,32.446,279.62,75.085,1.0533,-0.22394,45.976,1026.304487,26.084,VIO10,Day 6,30,downcast,Belcher_a,Belcher,1,VIO10-1.csv.36,2008-02-19,7:00:00,,,,,,,,,,,,,,,,,,,,,,,,,,,,,,,,,,,,,,,,,,,,,,,,,,,,,,,,,,,,
VIO_10,75.662826,-81.298725,1,95,250,240,Summer,Marine,Summer_Marine,Belcher,Glaciated,10-100m,10-100m,Marine,Clear,VIO,10,VIO_10_95,4,VIO_10_4,,O2I_SW_002_Sample0026,83,0.1528,6.33,8.1,1866.046314,65.89357804,13.29588215,-24,0.315189518,0.573616528,0.289932751,0.069032594,0.060881296,1.308652688,0.240850396,0.438326023,0.221550572,0.05275089,0.046522119,0.293601286,0.484848142,0.221550572,,0.009716134,16.33,1.08,0.05,9.27,0.37,-11.3,-1.47,0.038316798,NA,NA,NA,NA,NA,NA,NA,NA,NA,NA,VIO10-1.csv,96,-1.1307,32.88,278.49,74.475,0.36863,-0.21759,4.8336,1026.955688,26.445,VIO10,Day 6,30,downcast,Belcher_a,Belcher,1,VIO10-1.csv.96,2008-02-19,7:00:00,,,,,,,,,,,,,,,,,,,,,,,,,,,,,,,,,,,,,,,,,,,,,,,,,,,,,,,,,,,,
VIO_10,75.663071,-81.299516,1,195,250,240,Summer,Marine,Summer_Marine,Belcher,Glaciated,>100m,>100m,Marine,Clear,VIO,10,VIO_10_195,5,VIO_10_5,,O2I_SW2_001_Sample0018,84,0.0511,5.29,9.16,2044.381231,101.8845179,14.48002683,-23.7,0.292643239,0.233255293,0.206369525,0.072399125,0.092914309,0.897581492,0.326035287,0.259870881,0.229917313,0.080660225,0.103516294,0.406695512,0.363387175,0.229917313,,0.008183089,12.11,0.84,0.01,7.5,0.43,-6.1,-0.79,0.015053028,NA,NA,NA,NA,NA,NA,NA,NA,NA,NA,VIO10-1.csv,196,-0.33422,33.871,239.8,65.923,0.24743,-0.20445,2.9986,1028.201479,27.214,VIO10,Day 6,30,downcast,Belcher_a,Belcher,1,VIO10-1.csv.196,2008-02-19,7:00:00,,,,,,,,,,,,,,,,,,,,,,,,,,,,,,,,,,,,,,,,,,,,,,,,,,,,,,,,,,,,
VIO_11,75.668024,-81.218666,3.1,5,257,240,Summer,Marine,Summer_Marine,Belcher,Glaciated,Surface,Surface,Marine,Clear,VIO,11,VIO_11_5,2,VIO_11_2,,O2I_SW2_001_Sample0020,61,0.2546,6.86,7.85,1829.226184,65.36935039,6.124581431,-23.9,0.323809481,0.112896166,0.174850191,0.075149507,0.078407089,0.765112434,0.423218166,0.147555001,0.228528753,0.098220214,0.102477865,0.52143838,0.250032866,0.228528753,,0.010311807,4.9,0.51,0.01,1.75,0.58,-17,-2.21,0.063633254,NA,NA,NA,NA,NA,NA,NA,NA,NA,NA,VIO11-1.csv,6,0.17403,31.371,342.35,94.893,1.0765,160.25,1.4173,1025.249339,25.175,VIO11,Day 6,36,downcast,Belcher_a,Belcher,2,VIO11-1.csv.6,2008-02-19,10:40:00,,,,,,,,,,,,,,,,,,,,,,,,,,,,,,,,,,,,,,,,,,,,,,,,,,,,,,,,,,,,
VIO_11,75.667913,-81.217583,3.1,35,257,240,Summer,Marine,Summer_Marine,Belcher,Glaciated,10-100m,10-100m,Marine,Clear,VIO,11,VIO_11_35,3,VIO_11_3,,O2I_SW2_003_Sample0027,71,0.1853,5.32,8.58,1843.833823,63.56166883,12.15625419,-24.3,0.246229282,0.106549636,0.273441909,0.06244352,0.070957507,0.759621853,0.32414718,0.140266681,0.359971093,0.082203427,0.093411618,0.406350607,0.233678299,0.359971093,,0.008840627,9.26,0.76,0.02,5.2,0.06,-13.2,-1.74,0.047553883,NA,NA,NA,NA,NA,NA,NA,NA,NA,NA,VIO11-1.csv,36,-0.87113,32.299,294.47,79.035,1.234,0.02207,3.5309,1026.185887,25.965,VIO11,Day 6,36,downcast,Belcher_a,Belcher,2,VIO11-1.csv.36,2008-02-19,10:40:00,,,,,,,,,,,,,,,,,,,,,,,,,,,,,,,,,,,,,,,,,,,,,,,,,,,,,,,,,,,,
VIO_11,75.66722,-81.210545,3.1,95,257,240,Summer,Marine,Summer_Marine,Belcher,Glaciated,10-100m,10-100m,Marine,Clear,VIO,11,VIO_11_95,4,VIO_11_4,,O2I_SW2_001_Sample0004,74,0.1065,5.26,8.96,2053.416298,68.15317999,12.28158587,-22.1,0.214017785,0.300636843,0.201694574,0.065563393,0.115956296,0.897868891,0.238361956,0.334833789,0.224637,0.073021121,0.129146134,0.311383077,0.463979923,0.224637,,0.010403886,11.52,0.9,0.04,6.51,0.09,-11.1,-1.46,0.037974684,NA,NA,NA,NA,NA,NA,NA,NA,NA,NA,VIO11-1.csv,96,-1.1756,32.774,282.48,75.406,0.28309,-0.27705,1.3854,1026.870753,26.359,VIO11,Day 6,36,downcast,Belcher_a,Belcher,2,VIO11-1.csv.96,2008-02-19,10:40:00,,,,,,,,,,,,,,,,,,,,,,,,,,,,,,,,,,,,,,,,,,,,,,,,,,,,,,,,,,,,
VIO_11,75.666908,-81.206257,3.1,195,257,240,Summer,Marine,Summer_Marine,Belcher,Glaciated,>100m,>100m,Marine,Clear,VIO,11,VIO_11_195,5,VIO_11_5,,O2I_SW2_001_Sample0019,80,0.09121,6.11,8.28,1923.354074,103.6741226,13.73625522,-23.5,0.241497854,0.439109003,0.262938603,0.069548814,0.13351149,1.146605763,0.21061978,0.382964238,0.229319101,0.060656257,0.116440624,0.271276037,0.499404862,0.229319101,,0.009225344,10.08,0.82,0,6.13,0.19,-8.8,-1.11,0.026000684,NA,NA,NA,NA,NA,NA,NA,NA,NA,NA,VIO11-1.csv,196,-0.84215,33.328,260.51,70.422,0.24761,-0.32525,2.2955,1027.788592,26.797,VIO11,Day 6,36,downcast,Belcher_a,Belcher,2,VIO11-1.csv.196,2008-02-19,10:40:00,,,,,,,,,,,,,,,,,,,,,,,,,,,,,,,,,,,,,,,,,,,,,,,,,,,,,,,,,,,,
VIO_12,75.676032,-81.144206,4.63,5,206,180,Summer,Marine,Summer_Marine,Belcher,Glaciated,Surface,Surface,Marine,Clear,VIO,12,VIO_12_5,2,VIO_12_2,,O2I_SW_001_Sample0011,77,0.5143,6.8,7.69,1712.039261,71.85892718,4.849348698,-23.1,0.187075737,0.268854262,0.246445121,0.059149011,0.09622926,0.857753391,0.218099677,0.313440046,0.287314656,0.068958062,0.112187559,0.287057739,0.425627605,0.287314656,,0.009593691,2.47,0.32,0.01,0.38,0.45,-16.2,-2.13,0.060896339,NA,NA,NA,NA,NA,NA,NA,NA,NA,NA,VIO12-1.csv,6,0.98597,30.821,355.81,99.66,0.50613,313.19,1.3047,1024.76521,24.691,VIO12,Day 6,41,downcast,Belcher_a,Belcher,3,VIO12-1.csv.6,2008-02-19,14:40:00,,,,,,,,,,,,,,,,,,,,,,,,,,,,,,,,,,,,,,,,,,,,,,,,,,,,,,,,,,,,
VIO_12,75.676238,-81.14373,4.63,20,206,180,Summer,Marine,Summer_Marine,Belcher,Glaciated,10-100m,10-100m,Marine,Clear,VIO,12,VIO_12_20,3,VIO_12_3,,O2I_SW_001_Sample0006,79,0.5512,5.67,8.88,1922.613295,70.77431825,7.355982319,-23.7,0.267285376,0.08632112,0.155922607,0.064925292,0.067081122,0.641535516,0.416633794,0.134553922,0.243045947,0.101202958,0.10456338,0.517836752,0.239117302,0.243045947,,0.010627947,4.01,0.47,0.01,1.52,1.2,-14.6,-1.92,0.05371194,NA,NA,NA,NA,NA,NA,NA,NA,NA,NA,VIO12-1.csv,21,-0.27477,31.804,351.37,95.496,2.4439,17.029,0.78139,1025.69055,25.543,VIO12,Day 6,41,downcast,Belcher_a,Belcher,3,VIO12-1.csv.21,2008-02-19,14:40:00,,,,,,,,,,,,,,,,,,,,,,,,,,,,,,,,,,,,,,,,,,,,,,,,,,,,,,,,,,,,
VIO_12,75.676009,-81.144596,4.63,65,206,180,Summer,Marine,Summer_Marine,Belcher,Glaciated,10-100m,10-100m,Marine,Clear,VIO,12,VIO_12_65,6,VIO_12_6,,O2I_SW2_003_Sample0026,85,0.11,5.3,9.09,1960.32932,64.93550681,11.89257825,-24.5,0.305328383,0.210872913,0.225868615,0.070017766,0.089664201,0.901751877,0.338594674,0.233848044,0.250477565,0.077646377,0.09943334,0.416241051,0.333281384,0.250477565,,0.012796903,11.35,0.86,0.05,6.64,3.78,-12.5,-1.68,0.045501197,NA,NA,NA,NA,NA,NA,NA,NA,NA,NA,VIO12-1.csv,66,-1.1874,32.604,293.76,78.369,0.74576,-0.011502,3.0592,1026.588354,26.222,VIO12,Day 6,41,downcast,Belcher_a,Belcher,3,VIO12-1.csv.66,2008-02-19,14:40:00,,,,,,,,,,,,,,,,,,,,,,,,,,,,,,,,,,,,,,,,,,,,,,,,,,,,,,,,,,,,
VIO_12,75.675598,-81.148674,4.63,180,206,180,Summer,Marine,Summer_Marine,Belcher,Glaciated,>100m,>100m,Marine,Clear,VIO,12,VIO_12_180,7,VIO_12_7,,O2I_SW2_001_Sample0006,86,0.0313,5.93,7.9,1941.23987,60.47053336,14.92724862,-23.8,0.315673321,0.110896,0.239999543,0.071530067,0.072263182,0.810362114,0.389546001,0.136847464,0.296163331,0.088269264,0.08917394,0.477815265,0.226021404,0.296163331,,0.008664976,14.85,0.95,0.02,10,6.37,-6.2,-0.82,0.016079371,NA,NA,NA,NA,NA,NA,NA,NA,NA,NA,VIO12-1.csv,181,-0.43503,33.774,245.31,67.227,0.16459,-0.2074,1.3415,1028.056499,27.141,VIO12,Day 6,41,downcast,Belcher_a,Belcher,3,VIO12-1.csv.181,2008-02-19,14:40:00,,,,,,,,,,,,,,,,,,,,,,,,,,,,,,,,,,,,,,,,,,,,,,,,,,,,,,,,,,,,
VIO_13,75.681585,-81.071218,7.2,5,186,160,Summer,Marine,Summer_Marine,Belcher,Glaciated,Surface,Surface,Marine,Clear,VIO,13,VIO_13_5,2,VIO_13_2,,O2I_SW_002_Sample0021,39,0.1455,6.68,12.15,1839.98061,33.76645493,2.225418087,-24.1,0.344454984,0.170575263,0.275008864,0.073991891,0.050343168,0.914374171,0.376711192,0.186548646,0.300761847,0.080920801,0.055057513,0.457631993,0.241606159,0.300761847,,0.009678812,2.57,0.43,0,0.14,0.42,-17.2,-2.27,0.065685939,NA,NA,NA,NA,NA,NA,NA,NA,NA,NA,VIO13-1.csv,6,2.6526,30.288,352.92,104.04,0.37122,86.716,0.94765,1024.229132,24.156,VIO13,Day 6,48,downcast,Belcher_a,Belcher,4,VIO13-1.csv.6,2008-02-19,20:20:00,,,,,,,,,,,,,,,,,,,,,,,,,,,,,,,,,,,,,,,,,,,,,,,,,,,,,,,,,,,,
VIO_13,75.681669,-81.070955,7.2,20,186,160,Summer,Marine,Summer_Marine,Belcher,Glaciated,10-100m,10-100m,Marine,Clear,VIO,13,VIO_13_20,3,VIO_13_3,,O2I_SW_001_Sample0019,43,1.3836,6.08,11.91,1931.83685,112.8932986,6.663576147,-23.5,0.295923312,0.062660009,0.271981759,0.070597094,0.056945156,0.758107328,0.390344877,0.082653216,0.358764186,0.093122822,0.0751149,0.483467699,0.157768116,0.358764186,,0.010551284,6.16,0.67,0.02,2.15,0.91,-14.7,-1.91,0.053369826,NA,NA,NA,NA,NA,NA,NA,NA,NA,NA,VIO13-1.csv,21,0.067604,31.466,379.65,104.66,13.814,6.0576,1.3222,1025.402651,25.255,VIO13,Day 6,48,downcast,Belcher_a,Belcher,4,VIO13-1.csv.21,2008-02-19,20:20:00,,,,,,,,,,,,,,,,,,,,,,,,,,,,,,,,,,,,,,,,,,,,,,,,,,,,,,,,,,,,
VIO_13,75.681513,-81.070535,7.2,65,186,160,Summer,Marine,Summer_Marine,Belcher,Glaciated,10-100m,10-100m,Marine,Clear,VIO,13,VIO_13_65,4,VIO_13_4,,O2I_SW2_001_Sample0001,51,0.0579,6.31,12.76,2031.895477,65.11627497,11.15428561,-23.9,0.289968921,0.092688657,0.221586941,0.066348457,0.058746207,0.729339182,0.397577599,0.127085804,0.303818781,0.090970646,0.08054717,0.488548245,0.207632974,0.303818781,,0.009757762,14.21,1,0.06,7.47,0.77,-13.3,-1.75,0.047895997,NA,NA,NA,NA,NA,NA,NA,NA,NA,NA,VIO13-1.csv,66,-1.0143,32.439,310.75,83.141,0.75315,-0.2384,1.3215,1026.449352,26.083,VIO13,Day 6,48,downcast,Belcher_a,Belcher,4,VIO13-1.csv.66,2008-02-19,20:20:00,,,,,,,,,,,,,,,,,,,,,,,,,,,,,,,,,,,,,,,,,,,,,,,,,,,,,,,,,,,,
VIO_13,75.681398,-81.069127,7.2,140,186,160,Summer,Marine,Summer_Marine,Belcher,Glaciated,>100m,>100m,Marine,Clear,VIO,13,VIO_13_140,5,VIO_13_5,,O2I_SW_002_Sample0022,56,0.2274,5.24,12.71,1908.730471,66.23703753,13.1547984,-24.9,0.281297533,0.288189072,0.23471039,0.06598009,0.076788394,0.946965479,0.297051518,0.304329016,0.247855276,0.069675286,0.081088906,0.366726804,0.385417922,0.247855276,,0.009625167,10.33,0.66,0.01,6.12,0.5,-10.5,-1.31,0.03284297,NA,NA,NA,NA,NA,NA,NA,NA,NA,NA,VIO13-1.csv,141,-1.0589,33.001,279.97,75.087,0.216,-0.31521,0.7305,1027.267798,26.54,VIO13,Day 6,48,downcast,Belcher_a,Belcher,4,VIO13-1.csv.141,2008-02-19,20:20:00,,,,,,,,,,,,,,,,,,,,,,,,,,,,,,,,,,,,,,,,,,,,,,,,,,,,,,,,,,,,
VIO_14,75.696346,-81.262694,1,5,159,140,Summer,Marine,Summer_Marine,Belcher,Glaciated,Surface,Surface,Marine,Clear,VIO,14,VIO_14_5,2,VIO_14_2,,NA,44,NA,NA,NA,NA,NA,NA,NA,NA,NA,NA,NA,NA,NA,NA,NA,NA,NA,NA,0,0,NA,,NA,4.28,0.5,0.01,0.74,0,-16.4,-2.15,0.061580568,NA,NA,NA,NA,NA,NA,NA,NA,NA,NA,VIO14-1.csv,6,0.44231,31.279,355.85,99.081,3.986,6.8955,1.855,1025.162582,25.088,VIO14,Day 6,53,downcast,Belcher_to_Point,Belcher,1,VIO14-1.csv.6,2008-02-19,23:49:00,,,,,,,,,,,,,,,,,,,,,,,,,,,,,,,,,,,,,,,,,,,,,,,,,,,,,,,,,,,,
VIO_14,75.696334,-81.261284,1,40,159,140,Summer,Marine,Summer_Marine,Belcher,Glaciated,10-100m,10-100m,Marine,Clear,VIO,14,VIO_14_40,3,VIO_14_3,,NA,45,NA,NA,NA,NA,NA,NA,NA,NA,NA,NA,NA,NA,NA,NA,NA,NA,NA,NA,0,0,NA,,NA,7.14,0.63,0.04,3.74,5.27,-14.1,-1.83,0.050632911,NA,NA,NA,NA,NA,NA,NA,NA,NA,NA,VIO14-1.csv,41,-0.68005,32.188,324.77,87.564,1.8837,-0.12128,1.5934,1026.113057,25.869,VIO14,Day 6,53,downcast,Belcher_to_Point,Belcher,1,VIO14-1.csv.41,2008-02-19,23:49:00,,,,,,,,,,,,,,,,,,,,,,,,,,,,,,,,,,,,,,,,,,,,,,,,,,,,,,,,,,,,
VIO_15,75.727764,-81.129081,0.76,7,122,110,Summer,Marine,Summer_Marine,Belcher,Glaciated,Surface,Surface,Marine,Clear,VIO,15,VIO_15_7,2,VIO_15_2,,NA,53,NA,NA,NA,NA,NA,NA,NA,NA,NA,NA,NA,NA,NA,NA,NA,NA,NA,NA,0,0,NA,,NA,5.87,0.55,0.03,2.46,0.78,-14.3,-1.88,0.052343483,NA,NA,NA,NA,NA,NA,NA,NA,NA,NA,VIO15-1.csv,8,-0.29136,31.893,345.14,93.899,2.8521,3.3834,1.2444,1025.699624,25.615,VIO15,Day 7,56,downcast,Belcher_to_Point,Belcher,2,VIO15-1.csv.8,2008-03-19,0:52:00,,,,,,,,,,,,,,,,,,,,,,,,,,,,,,,,,,,,,,,,,,,,,,,,,,,,,,,,,,,,
VIO_15,75.72834,-81.128737,0.76,20,122,110,Summer,Marine,Summer_Marine,Belcher,Glaciated,10-100m,10-100m,Marine,Clear,VIO,15,VIO_15_20,3,VIO_15_3,,NA,58,NA,NA,NA,NA,NA,NA,NA,NA,NA,NA,NA,NA,NA,NA,NA,NA,NA,NA,0,0,NA,,NA,9.16,0.76,0.04,5.07,1.41,-12.9,-1.63,0.043790626,NA,NA,NA,NA,NA,NA,NA,NA,NA,NA,VIO15-1.csv,21,-1.101,32.508,303.67,81.123,0.74118,0.20325,1.7442,1026.290087,26.142,VIO15,Day 7,56,downcast,Belcher_to_Point,Belcher,2,VIO15-1.csv.21,2008-03-19,0:52:00,,,,,,,,,,,,,,,,,,,,,,,,,,,,,,,,,,,,,,,,,,,,,,,,,,,,,,,,,,,,
VIO_16,75.756976,-81.067385,0.85,25,143,120,Summer,Marine,Summer_Marine,Belcher,Glaciated,10-100m,10-100m,Marine,Clear,VIO,16,VIO_16_25,2,VIO_16_2,,NA,36,NA,NA,NA,NA,NA,NA,NA,NA,NA,NA,NA,NA,NA,NA,NA,NA,NA,NA,0,0,NA,,NA,4.42,0.42,0.02,1.69,0.3,-15,-1.95,0.054738283,NA,NA,NA,NA,NA,NA,NA,NA,NA,NA,VIO16-1.csv,26,0.42824,31.305,351.2,96.894,3.7865,-0.1552,1.7865,1025.279972,25.109,VIO16,Day 7,59,downcast,Belcher_to_Point,Belcher,3,VIO16-1.csv.26,2008-03-19,1:43:00,,,,,,,,,,,,,,,,,,,,,,,,,,,,,,,,,,,,,,,,,,,,,,,,,,,,,,,,,,,,
VIO_16,75.756393,-81.06602,0.85,55,143,120,Summer,Marine,Summer_Marine,Belcher,Glaciated,10-100m,10-100m,Marine,Clear,VIO,16,VIO_16_55,3,VIO_16_3,,NA,38,NA,NA,NA,NA,NA,NA,NA,NA,NA,NA,NA,NA,NA,NA,NA,NA,NA,NA,0,0,NA,,NA,8.17,0.74,0.03,4.33,0.5,-13.3,-1.72,0.046869654,NA,NA,NA,NA,NA,NA,NA,NA,NA,NA,VIO16-1.csv,56,-1.0643,32.534,305.11,81.67,0.58433,-0.27756,1.0742,1026.479757,26.162,VIO16,Day 7,59,downcast,Belcher_to_Point,Belcher,3,VIO16-1.csv.56,2008-03-19,1:43:00,,,,,,,,,,,,,,,,,,,,,,,,,,,,,,,,,,,,,,,,,,,,,,,,,,,,,,,,,,,,
VIO_17,75.8014,-81.375412,1,5,155,140,Summer,Marine,Summer_Marine,Devon_North,Glaciated,Surface,Surface,Marine,Clear,VIO,17,VIO_17_5,2,VIO_17_2,,NA,47,NA,NA,NA,NA,NA,NA,NA,NA,NA,NA,NA,NA,NA,NA,NA,NA,NA,NA,0,0,NA,,NA,2.82,0.43,0.01,0.82,0.54,-18.5,-2.46,0.07218611,NA,NA,NA,NA,NA,NA,NA,NA,NA,"In front of Belcher glacier ~1km from terminus on east, fast flow side, where plume was 10 years ago; sea ice cover 0%; water seems turbid; can't see CTD at 5 m",VIO17-1.csv,6,1.5973,30.351,351.59,99.254,0.43338,93.904,3.7677,1024.352744,24.278,VIO17,Day 7,62,downcast,Belcher_to_Sverdrup,Belcher,1,VIO17-1.csv.6,2008-03-19,12:23:00,,,,,,,,,,,,,,,,,,,,,,,,,,,,,,,,,,,,,,,,,,,,,,,,,,,,,,,,,,,,
VIO_18,75.818369,-81.65616,1,25,138,120,Summer,Marine,Summer_Marine,Devon_North,Glaciated,10-100m,10-100m,Marine,Clear,VIO,18,VIO_18_25,2,VIO_18_2,,NA,41,NA,NA,NA,NA,NA,NA,NA,NA,NA,NA,NA,NA,NA,NA,NA,NA,NA,NA,0,0,NA,,NA,2.89,0.51,0,0.91,0.21,-14.8,-1.94,0.054396168,NA,NA,NA,NA,NA,NA,NA,NA,NA,"In front of Belcher glacier ~ 3.1km from terminus on east, fast flow side; pt. 2 of transect out from glacier; water still seems turbid",VIO18-1.csv,26,0.11891,31.613,362.06,99.801,1.7179,12.494,1.1503,1025.542918,25.371,VIO18,Day 7,64,downcast,Belcher_to_Sverdrup,Belcher,2,VIO18-1.csv.26,2008-03-19,13:37:00,,,,,,,,,,,,,,,,,,,,,,,,,,,,,,,,,,,,,,,,,,,,,,,,,,,,,,,,,,,,
VIO_19,75.817069,-81.914579,1,225,251,240,Summer,Marine,Summer_Marine,Devon_North,Glaciated,>100m,>100m,Marine,Clear,VIO,19,VIO_19_225,3,VIO_19_3,,NA,49,NA,NA,NA,NA,NA,NA,NA,NA,NA,NA,NA,NA,NA,NA,NA,NA,NA,NA,0,0,NA,,NA,7.46,0.72,0,5.37,0.91,-4.8,-0.6,0.008552857,NA,NA,NA,NA,NA,NA,NA,NA,NA,"In front of Belcher glacier; 3rd point on transect; ~2.5 nm from terminus; water is clearer, can see CTD at 5 m",VIO19-1.csv,226,-0.24644,33.978,241.77,66.692,0.14954,-0.2832,0.76376,1028.426597,27.297,VIO19,Day 7,66,downcast,Belcher_to_Sverdrup,Belcher,3,VIO19-1.csv.226,2008-03-19,14:30:00,,,,,,,,,,,,,,,,,,,,,,,,,,,,,,,,,,,,,,,,,,,,,,,,,,,,,,,,,,,,
VIO_19,75.817353,-81.914076,1,5,251,240,Summer,Marine,Summer_Marine,Devon_North,Glaciated,Surface,Surface,Marine,Clear,VIO,19,VIO_19_5,2,VIO_19_2,,NA,50,NA,NA,NA,NA,NA,NA,NA,NA,NA,NA,NA,NA,NA,NA,NA,NA,NA,NA,0,0,NA,,NA,1.94,0.45,0.01,0.47,0.39,-15.4,-2.05,0.058159425,NA,NA,NA,NA,NA,NA,NA,NA,NA,"In front of Belcher glacier; 3rd point on transect; ~2.5 nm from terminus; water is clearer, can see CTD at 5 m",VIO19-1.csv,6,1.0141,30.389,349.57,97.306,0.91432,12.639,9.9248,1024.417252,24.343,VIO19,Day 7,66,downcast,Belcher_to_Sverdrup,Belcher,3,VIO19-1.csv.6,2008-03-19,14:30:00,,,,,,,,,,,,,,,,,,,,,,,,,,,,,,,,,,,,,,,,,,,,,,,,,,,,,,,,,,,,
VIO_19,75.815864,-81.920535,1,1.5,251,240,Summer,Marine,Summer_Marine,Devon_North,Glaciated,Surface,Surface,Marine,Clear,VIO,19,VIO_19_1.5,5,VIO_19_5,,NA,55,NA,NA,NA,NA,NA,NA,NA,NA,NA,NA,NA,NA,NA,NA,NA,NA,NA,NA,0,0,NA,,NA,2.66,0.36,0.02,1.2,1.34,-23.9,-3.11,0.094423537,NA,NA,NA,NA,NA,NA,NA,NA,NA,"In front of Belcher glacier; 3rd point on transect; ~2.5 nm from terminus; water is clearer, can see CTD at 5 m",VIO19-1.csv,1.5,1.5062,29.951,348.19,98.448,0.42942,481.92,14.646,NA,NA,VIO19,Day 7,66,downcast,Belcher_to_Sverdrup,Belcher,3,NA,NA,NA,,,,,,,,,,,,,,,,,,,,,,,,,,,,,,,,,,,,,,,,,,,,,,,,,,,,,,,,,,,,
VIO_20,75.844282,-82.497119,1.24,15,215,200,Summer,Marine,Summer_Marine,Devon_North,Glaciated,10-100m,10-100m,Marine,Clear,VIO,20,VIO_20_15,2,VIO_20_2,,NA,52,NA,NA,NA,NA,NA,NA,NA,NA,NA,NA,NA,NA,NA,NA,NA,NA,NA,NA,0,0,NA,,NA,6.99,0.61,0.04,2.15,0.14,-15.2,-2.02,0.057133082,NA,NA,NA,NA,NA,NA,NA,NA,NA,"non-glacited section 20%wire angle, clear water",VIO20-1.csv,16,-0.14943,31.944,344.52,94.289,9.8209,3.8955,2.3399,1025.773911,25.651,VIO20,Day 7,71,downcast,Belcher_to_Sverdrup,Belcher,4,VIO20-1.csv.16,2008-03-19,16:50:00,,,,,,,,,,,,,,,,,,,,,,,,,,,,,,,,,,,,,,,,,,,,,,,,,,,,,,,,,,,,
VIO_20a,75.825414,-82.595972,1,5,NA,NA,Summer,Marine,Summer_Marine,Devon_North,Glaciated,Surface,Surface,Marine,Clear,VIO,20a,VIO_20a_5,2,VIO_20a_2,,NA,42,NA,NA,NA,NA,NA,NA,NA,NA,NA,NA,NA,NA,NA,NA,NA,NA,NA,NA,0,0,NA,,NA,7.15,0.5,0.03,1.09,0.05,-19.1,-2.48,0.072870339,NA,NA,NA,NA,NA,NA,NA,NA,NA,NA,NA,NA,NA,NA,NA,NA,NA,NA,NA,NA,NA,NA,NA,NA,NA,NA,NA,NA,NA,NA,NA,,,,,,,,,,,,,,,,,,,,,,,,,,,,,,,,,,,,,,,,,,,,,,,,,,,,,,,,,,,,
VIO_21,75.81381,-82.774358,2,4,39,20,Summer,Marine,Summer_Marine,Devon_North,Glaciated,Surface,Surface,Marine,Clear,VIO,21,VIO_21_4,2,VIO_21_2,,NA,54,NA,NA,NA,NA,NA,NA,NA,NA,NA,NA,NA,NA,NA,NA,NA,NA,NA,NA,0,0,NA,,NA,4.81,0.38,0.02,1.11,2.39,-22.2,-2.91,0.087581252,NA,NA,NA,NA,NA,NA,NA,NA,NA,"in front of small LT glacer, 2 km from coast",VIO21-1.csv,5,1.1035,30.659,376.08,106,5.5518,12.904,3.7007,1024.623985,24.554,VIO21,Day 7,75,downcast,Belcher_to_Sverdrup,Belcher,6,VIO21-1.csv.5,2008-03-19,18:42:00,,,,,,,,,,,,,,,,,,,,,,,,,,,,,,,,,,,,,,,,,,,,,,,,,,,,,,,,,,,,
VIO_2,76.54566667,-81.23375,0.55,5,18,5,Summer,Marine,Summer_Marine,Fram_Fiord,Land-terminating,Surface,Surface,Marine,Clear,VIO,2,VIO_2_5,1,VIO_2_5,,NA,5,NA,2.65,9.19,1668.75844,24.02640009,1.968623766,-23.4,NA,NA,NA,NA,NA,NA,NA,NA,NA,NA,NA,0,0,NA,,NA,1.33,0.13,0,0,1.05,-29.3,-3.9,0.121450564,NA,NA,NA,NA,NA,NA,NA,NA,NA,NA,VIO2-1.csv,5,0.56125,26.214,367.27,98.352,0.88784,15.736,2.0458,1021.218293,21.143,VIO2,Day 3,NA,downcast,Fram_Fiord,Fram_Fiord,NA,VIO2-1.csv.6,7/30/19,11:15:00,,,,,,,,,,,,,,,,,,,,,,,,,,,,,,,,,,,,,,,,,,,,,,,,,,,,,,,,,,,,
VIO_2,76.54566667,-81.23375,0.55,10,18,10,Summer,Marine,Summer_Marine,Fram_Fiord,Land-terminating,10-100m,10-100m,Marine,Clear,VIO,2,VIO_2_10,1,VIO_2_10,,NA,14,0.3362,NA,NA,1463.040867,68.65933082,4.474038528,-24.4,NA,NA,NA,NA,NA,NA,NA,NA,NA,NA,NA,0,0,NA,,NA,1,0.2,0,0.02,0.08,-28.4,-3.74,0.115976736,NA,NA,NA,NA,NA,NA,NA,NA,NA,NA,VIO2-1.csv,10,0.65167,27.851,369.87,100.16,0.8473,6.8124,2.305,1022.680293,22.581,VIO2,Day 3,NA,downcast,Fram_Fiord,Fram_Fiord,NA,VIO2-1.csv.11,7/30/19,11:15:00,,,,,,,,,,,,,,,,,,,,,,,,,,,,,,,,,,,,,,,,,,,,,,,,,,,,,,,,,,,,
VIO_43,76.651862,-83.353041,11.63056,27,89,80,Summer,Marine,Summer_Marine,Grise_Fiord,Unglaciated,10-100m,10-100m,Marine,Clear,VIO,43,VIO_43_27,2,VIO_43_2,,O2I_SW_002_Sample0036,103,0.7596,4.88,9.53,1917.990402,53.12292238,4.378539705,-22.7,0.316391155,0.167718391,0.226978148,0.070128465,0.059999988,0.841216146,0.376111605,0.199376095,0.269821436,0.083365572,0.071325293,0.459477177,0.270701388,0.269821436,,0.01167383,3.01,0.39,0.02,0.59,0.67,-17.2,-2.26,0.065343825,NA,NA,NA,NA,NA,NA,NA,NA,NA,"Grise Fiord transect pt 1; started where pinch point is; ~6.28 n from head of fiord, too shallow beyond this point; unglaciated fiord",VIO43-1.csv,28,-0.33769,31.145,419.92,113.55,3.6298,4.0474,0.66403,1025.194737,25.013,VIO43,Day 19,175,downcast,Grise_Fiord,Grise,1,VIO43-1.csv.28,8/15/19,10:07:00,,,,,,,,,,,,,,,,,,,,,,,,,,,,,,,,,,,,,,,,,,,,,,,,,,,,,,,,,,,,
VIO_43,76.651582,-83.352653,11.63056,70,89,80,Summer,Marine,Summer_Marine,Grise_Fiord,Unglaciated,10-100m,10-100m,Marine,Clear,VIO,43,VIO_43_70,3,VIO_43_3,,O2I_SW_002_Sample0029,160,0.0448,5.13,9.47,2072.443373,67.32273583,11.22353455,-24.5,0.290500119,0.720534999,0.26114885,0.05698798,0.086200896,1.415372844,0.205246356,0.509077875,0.184508874,0.040263582,0.060903313,0.245509938,0.569981188,0.184508874,,0.010873784,10.4,0.76,0.11,5.31,0.53,-13.6,-1.76,0.048238112,NA,NA,NA,NA,NA,NA,NA,NA,NA,"Grise Fiord transect pt 1; started where pinch point is; ~6.28 n from head of fiord, too shallow beyond this point; unglaciated fiord",VIO43-1.csv,71,-1.644,32.661,310.3,81.744,0.22256,-0.26202,0.94833,1026.672413,26.281,VIO43,Day 19,175,downcast,Grise_Fiord,Grise,1,VIO43-1.csv.71,8/15/19,10:07:00,,,,,,,,,,,,,,,,,,,,,,,,,,,,,,,,,,,,,,,,,,,,,,,,,,,,,,,,,,,,
VIO_44,76.570241,-83.183774,22,10,200,190,Summer,Marine,Summer_Marine,Grise_Fiord,Unglaciated,10-100m,10-100m,Marine,Clear,VIO,44,VIO_44_10,2,VIO_44_2,,O2I_SW_002_Sample0027,148,0.3299,5.04,8.08,1827.256623,66.28565636,4.237230121,-24,0.2543376,0.314733416,0.257143111,0.066671998,0.083588391,0.976474516,0.26046517,0.322316058,0.263338271,0.068278277,0.085602225,0.328743447,0.407918283,0.263338271,,0.01122509,0.84,0.17,0,0,0.03,-19.4,-2.57,0.075949367,NA,NA,NA,NA,NA,NA,NA,NA,NA,Grise fiord transect pt 2; ~22 km from mouth of fiord; ~6m water visiblity,VIO44-1.csv,11,1.3159,29.874,403.52,112.92,0.44947,85.644,0.71436,1024.010863,23.912,VIO44,Day 19,178,downcast,Grise_Fiord,Grise,2,VIO44-1.csv.11,8/15/19,12:15:00,,,,,,,,,,,,,,,,,,,,,,,,,,,,,,,,,,,,,,,,,,,,,,,,,,,,,,,,,,,,
VIO_44,76.57018,-83.18361,22,31,200,190,Summer,Marine,Summer_Marine,Grise_Fiord,Unglaciated,10-100m,10-100m,Marine,Clear,VIO,44,VIO_44_31,3,VIO_44_3,,O2I_SW2_002_Sample0028,152,1.6887,4.89,10.1,1922.569421,74.45948863,4.906455383,-22.8,0.226493079,0.265273992,0.185378444,0.065475061,0.090825381,0.833445957,0.271754968,0.318285775,0.222424072,0.078559456,0.108975729,0.350314424,0.427261504,0.222424072,,0.011668717,3.65,0.49,0.01,0.18,2.01,-16.2,-2.15,0.061580568,NA,NA,NA,NA,NA,NA,NA,NA,NA,Grise fiord transect pt 2; ~22 km from mouth of fiord; ~6m water visiblity,VIO44-1.csv,32,-0.31053,31.229,425.99,115.6,15.443,6.43,0.65782,1025.280934,25.08,VIO44,Day 19,178,downcast,Grise_Fiord,Grise,2,VIO44-1.csv.32,8/15/19,12:15:00,,,,,,,,,,,,,,,,,,,,,,,,,,,,,,,,,,,,,,,,,,,,,,,,,,,,,,,,,,,,
VIO_44,76.574786,-83.176711,22,80,200,190,Summer,Marine,Summer_Marine,Grise_Fiord,Unglaciated,10-100m,10-100m,Marine,Clear,VIO,44,VIO_44_80,7,VIO_44_7,,O2I_SW_002_Sample0030,153,0.0328,3.98,10.85,2032.916064,65.26523532,12.58314539,-27.5,0.233079789,0.111808054,0.220638325,0.060869242,0.05174654,0.678141951,0.343703541,0.164874116,0.325357139,0.089758851,0.076306354,0.433462392,0.24118047,0.325357139,,0.011864387,11.07,0.81,0.1,6.01,0.75,-13.2,-1.75,0.047895997,NA,NA,NA,NA,NA,NA,NA,NA,NA,Grise fiord transect pt 2; ~22 km from mouth of fiord; ~6m water visiblity,VIO44-1.csv,81,-1.7013,32.713,309.23,81.398,0.16376,-0.061942,1.2274,1026.765077,26.325,VIO44,Day 19,178,downcast,Grise_Fiord,Grise,2,VIO44-1.csv.81,8/15/19,12:15:00,,,,,,,,,,,,,,,,,,,,,,,,,,,,,,,,,,,,,,,,,,,,,,,,,,,,,,,,,,,,
VIO_44,76.57685,-83.173363,22,145,200,190,Summer,Marine,Summer_Marine,Grise_Fiord,Unglaciated,>100m,>100m,Marine,Clear,VIO,44,VIO_44_145,8,VIO_44_8,,O2I_SW_002_Sample0040,157,0.0326,3.77,10.91,2123.742576,67.88543559,17.01117869,-23.8,0.290209495,0.46100111,0.288226309,0.068508459,0.086013594,1.193958967,0.243064881,0.386111351,0.241403865,0.057379241,0.072040662,0.300444122,0.458152013,0.241403865,,0.008831917,18.61,1.17,0.01,11.26,1.82,-7.7,-1.01,0.022579542,NA,NA,NA,NA,NA,NA,NA,NA,NA,Grise fiord transect pt 2; ~22 km from mouth of fiord; ~6m water visiblity,VIO44-1.csv,146,-0.76129,33.443,256.69,69.587,0.18007,-0.17175,0.71082,1027.636894,26.887,VIO44,Day 19,178,downcast,Grise_Fiord,Grise,2,VIO44-1.csv.146,8/15/19,12:15:00,,,,,,,,,,,,,,,,,,,,,,,,,,,,,,,,,,,,,,,,,,,,,,,,,,,,,,,,,,,,
VIO_45,76.467866,-83.185172,35,10,357,350,Summer,Marine,Summer_Marine,Grise_Fiord,Unglaciated,10-100m,10-100m,Marine,Clear,VIO,45,VIO_45_10,2,VIO_45_2,,O2I_SW_001_Sample0016,100,0.204,4.54,8.7,1830.124295,64.20629866,4.17077571,-23.9,0.288140106,1.111824126,0.265632942,0.054212946,0.097137667,1.816947787,0.158584693,0.611918589,0.146197345,0.029837371,0.053462002,0.188422064,0.665380591,0.146197345,,0.009651931,0.92,0.25,0,0,0.25,-19.8,-2.63,0.078002053,NA,NA,NA,NA,NA,NA,NA,NA,NA,"Girse Fiord transect pt 3; ~35 km from the head of the fiord; thermal winds had mostly disapated at this station, but still about a 10% wire angle, so put out 365/370 m of line to reach 350m",VIO45-1.csv,11,2.7785,30.04,371.82,107.87,0.22109,59.716,0.65527,1024.045941,23.948,VIO45,Day 19,189,downcast,Grise_Fiord,Grise,3,VIO45-1.csv.11,8/15/19,17:55:00,,,,,,,,,,,,,,,,,,,,,,,,,,,,,,,,,,,,,,,,,,,,,,,,,,,,,,,,,,,,
VIO_45,76.468153,-83.184292,35,35,357,350,Summer,Marine,Summer_Marine,Grise_Fiord,Unglaciated,10-100m,10-100m,Marine,Clear,VIO,45,VIO_45_35,3,VIO_45_3,,O2I_SW_001_Sample0015,104,0.8004,4.85,10.09,1934.320469,85.05805152,5.487663023,-23.8,0.269994569,0.197675223,0.235798068,0.066980624,0.080815503,0.851263987,0.317169026,0.232213774,0.276997584,0.078683728,0.094935888,0.395852754,0.327149662,0.276997584,,0.01024956,1.29,0.42,0,0,0.1,-15.7,-2.03,0.057475197,NA,NA,NA,NA,NA,NA,NA,NA,NA,"Girse Fiord transect pt 3; ~35 km from the head of the fiord; thermal winds had mostly disapated at this station, but still about a 10% wire angle, so put out 365/370 m of line to reach 350m",VIO45-1.csv,36,-0.31815,31.807,389.01,106.45,3.8393,4.2817,0.80579,1025.767377,25.547,VIO45,Day 19,189,downcast,Grise_Fiord,Grise,3,VIO45-1.csv.36,8/15/19,17:55:00,,,,,,,,,,,,,,,,,,,,,,,,,,,,,,,,,,,,,,,,,,,,,,,,,,,,,,,,,,,,
VIO_45,76.469194,-83.179999,35,200,357,350,Summer,Marine,Summer_Marine,Grise_Fiord,Unglaciated,>100m,>100m,Marine,Clear,VIO,45,VIO_45_200,4,VIO_45_4,,O2I_SW2_001_Sample0012,111,0.0281,4.24,10.43,2096.105143,61.71766079,18.20864734,-23.3,0.323388172,0.384814717,0.279769499,0.077782828,0.102444982,1.168200199,0.276825986,0.329408193,0.239487632,0.066583474,0.087694714,0.34340946,0.417102907,0.239487632,,0.007911103,16.83,1.07,0.03,11.59,3.09,-5.2,-0.65,0.010263428,NA,NA,NA,NA,NA,NA,NA,NA,NA,"Girse Fiord transect pt 3; ~35 km from the head of the fiord; thermal winds had mostly disapated at this station, but still about a 10% wire angle, so put out 365/370 m of line to reach 350m",VIO45-1.csv,201,-0.26503,33.963,245.88,67.794,0.12703,-0.20526,0.46002,1028.295559,27.285,VIO45,Day 19,189,downcast,Grise_Fiord,Grise,3,VIO45-1.csv.201,8/15/19,17:55:00,,,,,,,,,,,,,,,,,,,,,,,,,,,,,,,,,,,,,,,,,,,,,,,,,,,,,,,,,,,,
VIO_45,76.470012,-83.177215,35,300,357,350,Summer,Marine,Summer_Marine,Grise_Fiord,Unglaciated,>100m,>100m,Marine,Clear,VIO,45,VIO_45_300,5,VIO_45_5,,O2I_SW_002_Sample0035,134,0.0272,4.26,10.4,2088.796639,75.3162058,17.3560587,-23.8,0.353039501,0.503237034,0.227208442,0.077629035,0.413832123,1.574946135,0.22415973,0.319526505,0.144264262,0.049289962,0.262759541,0.273449692,0.582286046,0.144264262,,0.007027943,11.93,0.57,0.01,7.46,0.32,-4.5,-0.56,0.0071844,NA,NA,NA,NA,NA,NA,NA,NA,NA,"Girse Fiord transect pt 3; ~35 km from the head of the fiord; thermal winds had mostly disapated at this station, but still about a 10% wire angle, so put out 365/370 m of line to reach 350m",VIO45-1.csv,301,-0.098325,34.095,239.56,66.417,0.12811,-0.3123,0.43794,1028.870741,27.384,VIO45,Day 19,189,downcast,Grise_Fiord,Grise,3,VIO45-1.csv.301,8/15/19,17:55:00,,,,,,,,,,,,,,,,,,,,,,,,,,,,,,,,,,,,,,,,,,,,,,,,,,,,,,,,,,,,
VIO_3,76.457531,-81.148655,5.1,5,79,60,Summer,Marine,Summer_Marine,Jakeman,Glaciated,Surface,Surface,Marine,Clear,VIO,3,VIO_3_5,2,VIO_3_2,,NA,60,NA,NA,NA,NA,NA,NA,NA,NA,NA,NA,NA,NA,NA,NA,NA,NA,NA,NA,0,0,NA,,NA,1.85,0.35,0,0,0.1,-22.7,-3,0.090660281,NA,NA,NA,NA,NA,NA,NA,NA,NA,Jakeman Glacier eastern point on horizontal transect - sea ice cover 0%; DCM was at 27 m,VIO3-1.csv,6,0.92529,28.048,361.64,98.862,0.51017,71.831,3.9151,1022.541801,22.467,VIO3,Day 4,5,downcast,Jakeman,Jakeman,1,VIO3-1.csv.6,7/31/19,9:44:00,,,,,,,,,,,,,,,,,,,,,,,,,,,,,,,,,,,,,,,,,,,,,,,,,,,,,,,,,,,,
VIO_3,76.456754,-81.1487,5.1,22,79,60,Summer,Marine,Summer_Marine,Jakeman,Glaciated,10-100m,10-100m,Marine,Clear,VIO,3,VIO_3_22,3,VIO_3_3,,NA,72,NA,NA,NA,NA,NA,NA,NA,NA,NA,NA,NA,NA,NA,NA,NA,NA,NA,NA,0,0,NA,,NA,1.42,0.37,0,0.05,0.74,-17.3,-2.29,0.066370168,NA,NA,NA,NA,NA,NA,NA,NA,NA,Jakeman Glacier eastern point on horizontal transect - sea ice cover 0%; DCM was at 27 m,VIO3-1.csv,23,0.11793,30.29,368.41,101.27,3.0908,2.9158,1.546,1024.462804,24.305,VIO3,Day 4,5,downcast,Jakeman,Jakeman,1,VIO3-1.csv.23,7/31/19,9:44:00,,,,,,,,,,,,,,,,,,,,,,,,,,,,,,,,,,,,,,,,,,,,,,,,,,,,,,,,,,,,
VIO_4,76.426182,-81.010647,3.75,5,88,80,Summer,Marine,Summer_Marine,Jakeman,Glaciated,Surface,Surface,Marine,Clear,VIO,4,VIO_4_5,2,VIO_4_2,,NA,64,NA,NA,NA,NA,NA,NA,NA,NA,NA,NA,NA,NA,NA,NA,NA,NA,NA,NA,0,0,NA,,NA,0.9,0.25,0,0,0,-19.3,-2.55,0.075265139,NA,NA,NA,NA,NA,NA,NA,NA,NA,Jakeman Glacier middle  point on horizontal transect - sea ice cover 0%,VIO4-1.csv,6,0.85875,28.82,363.87,99.832,0.22648,124.94,1.0033,1023.16417,23.09,VIO4,Day 4,8,downcast,Jakeman,Jakeman,2,VIO4-1.csv.6,7/31/19,10:50:00,,,,,,,,,,,,,,,,,,,,,,,,,,,,,,,,,,,,,,,,,,,,,,,,,,,,,,,,,,,,
VIO_4,76.42579,-81.008114,3.75,30,88,80,Summer,Marine,Summer_Marine,Jakeman,Glaciated,10-100m,10-100m,Marine,Clear,VIO,4,VIO_4_30,3,VIO_4_3,,NA,67,NA,NA,NA,NA,NA,NA,NA,NA,NA,NA,NA,NA,NA,NA,NA,NA,NA,NA,0,0,NA,,NA,2.17,0.4,0,0.57,0.32,-15.7,-2.03,0.057475197,NA,NA,NA,NA,NA,NA,NA,NA,NA,Jakeman Glacier middle  point on horizontal transect - sea ice cover 0%,VIO4-1.csv,31,-0.17588,30.685,369.49,100.27,2.0707,3.0217,1.3635,1024.831233,24.635,VIO4,Day 4,8,downcast,Jakeman,Jakeman,2,VIO4-1.csv.31,7/31/19,10:50:00,,,,,,,,,,,,,,,,,,,,,,,,,,,,,,,,,,,,,,,,,,,,,,,,,,,,,,,,,,,,
VIO_5,76.415126,-80.896996,2.3,5,110,100,Summer,Marine,Summer_Marine,Jakeman,Glaciated,Surface,Surface,Marine,Clear,VIO,5,VIO_5_5,2,VIO_5_2,,NA,69,NA,NA,NA,NA,NA,NA,NA,NA,NA,NA,NA,NA,NA,NA,NA,NA,NA,NA,0,0,NA,,NA,2.14,0.47,0,0.27,2.79,-20.5,-2.68,0.079712624,NA,NA,NA,NA,NA,NA,NA,NA,NA,Jakeman glacier western point of the horizontal transect- chl max 30 m - sea ice cover 0%,VIO5-1.csv,6,0.7795,28.797,364.33,99.986,0.37227,65.974,3.5288,1023.150254,23.075,VIO5,Day 4,11,downcast,Jakeman,Jakeman,3,VIO5-1.csv.6,7/31/19,11:40:00,,,,,,,,,,,,,,,,,,,,,,,,,,,,,,,,,,,,,,,,,,,,,,,,,,,,,,,,,,,,
VIO_5,76.414997,-80.89531,2.3,30,110,100,Summer,Marine,Summer_Marine,Jakeman,Glaciated,10-100m,10-100m,Marine,Clear,VIO,5,VIO_5_30,3,VIO_5_3,,NA,78,NA,NA,NA,NA,NA,NA,NA,NA,NA,NA,NA,NA,NA,NA,NA,NA,NA,NA,0,0,NA,,NA,1.08,0.32,0,0,0.63,-16.6,-2.19,0.062949025,NA,NA,NA,NA,NA,NA,NA,NA,NA,Jakeman glacier western point of the horizontal transect- chl max 30 m - sea ice cover 0%,VIO5-1.csv,31,0.35823,30.188,369.82,101.15,4.0087,0.13666,1.3729,1024.408302,24.213,VIO5,Day 4,11,downcast,Jakeman,Jakeman,3,VIO5-1.csv.31,7/31/19,11:40:00,,,,,,,,,,,,,,,,,,,,,,,,,,,,,,,,,,,,,,,,,,,,,,,,,,,,,,,,,,,,
VIO_6,76.407586,-81.149515,8.32,5,379,360,Summer,Marine,Summer_Marine,Jakeman,Glaciated,Surface,Surface,Marine,Clear,VIO,6,VIO_6_5,2,VIO_6_2,,O2I_SW_001_Sample0007,57,0.2304,5.86,11.04,1502.20153,67.61087552,3.828203691,-24,0.324646273,0.351885188,0.245395497,0.073991372,0.127848804,1.123767134,0.288891055,0.313129987,0.218368636,0.065842263,0.113768058,0.354733318,0.426898045,0.218368636,,0.010532355,1.43,0.28,0,0,0,-19.8,-2.6,0.07697571,NA,NA,NA,NA,NA,NA,NA,NA,NA,Jakeman glacier down-fiord transect pt1 sea ice cover <5% ice anchored,VIO6-1.csv,6,0.97937,28.26,361.23,98.774,0.22219,246.09,1.0188,1022.708843,22.634,VIO6,Day 4,14,downcast,Jakeman,Jakeman,4,VIO6-1.csv.6,7/31/19,13:23:00,,,,,,,,,,,,,,,,,,,,,,,,,,,,,,,,,,,,,,,,,,,,,,,,,,,,,,,,,,,,
VIO_6,76.408569,-81.148126,8.32,40,379,360,Summer,Marine,Summer_Marine,Jakeman,Glaciated,10-100m,10-100m,Marine,Clear,VIO,6,VIO_6_40,3,VIO_6_3,,O2I_SW_001_Sample0005,59,7.0122,7,12.69,1655.706145,76.5227456,4.143929947,-24.4,0.292268158,0.104536603,0.219997317,0.067070442,0.07436586,0.758238381,0.385456825,0.137867728,0.290142682,0.088455615,0.098077151,0.47391244,0.235944879,0.290142682,,0.009878513,2.26,0.44,0,0.01,0.23,-16.4,-2.18,0.062606911,NA,NA,NA,NA,NA,NA,NA,NA,NA,Jakeman glacier down-fiord transect pt1 sea ice cover <5% ice anchored,VIO6-1.csv,41,-0.13759,31.144,372.69,101.53,3.7184,1.1129,0.85355,1025.248455,25.004,VIO6,Day 4,14,downcast,Jakeman,Jakeman,4,VIO6-1.csv.41,7/31/19,13:23:00,,,,,,,,,,,,,,,,,,,,,,,,,,,,,,,,,,,,,,,,,,,,,,,,,,,,,,,,,,,,
VIO_7,76.378064,-81.329376,13.6,5,435,42,Summer,Marine,Summer_Marine,Jakeman,Glaciated,Surface,Surface,Marine,Clear,VIO,7,VIO_7_5,2,VIO_7_2,,O2I_SW2_001_Sample0011,65,0.2043,4.77,7.58,1686.867985,69.96086154,4.356240445,-24.1,0.226063968,0.200190113,0.211026434,0.062379482,0.076032508,0.775692505,0.29143503,0.258079216,0.272049082,0.080417796,0.098018877,0.371852826,0.356098093,0.272049082,,0.011089887,1.54,0.35,0,0.24,3.06,-20.6,-2.7,0.080396853,NA,NA,NA,NA,NA,NA,NA,NA,NA,Jakeman glacier down-fiord transect pt2 - sea ice cover 5%- ice anchored,VIO7-1.csv,6,1.0193,29.55,355.08,98.436,0.41437,132.34,0.87845,1023.742835,23.668,VIO7,Day 4,20,downcast,Jakeman,Jakeman,5,VIO7-1.csv.6,7/31/19,19:44:00,,,,,,,,,,,,,,,,,,,,,,,,,,,,,,,,,,,,,,,,,,,,,,,,,,,,,,,,,,,,
VIO_7,76.378382,-81.330757,13.6,27,435,42,Summer,Marine,Summer_Marine,Jakeman,Glaciated,10-100m,10-100m,Marine,Clear,VIO,7,VIO_7_27,3,VIO_7_3,,O2I_SW_001_Sample0010,81,0.254,5.37,9.04,1780.104277,73.39545651,7.704582459,-23.4,0.317463623,0.170901759,0.23413085,0.071826913,0.079332393,0.873655538,0.363373903,0.195616867,0.267989889,0.082214225,0.090805116,0.445588128,0.286421983,0.267989889,,0.009684967,6.38,0.95,0.04,2.95,8.33,-13.7,-1.81,0.049948683,NA,NA,NA,NA,NA,NA,NA,NA,NA,Jakeman glacier down-fiord transect pt2 - sea ice cover 5%- ice anchored,VIO7-1.csv,28,-0.36179,31.554,386.77,104.9,8.1744,2.7635,0.88788,1025.525761,25.344,VIO7,Day 4,20,downcast,Jakeman,Jakeman,5,VIO7-1.csv.28,7/31/19,19:44:00,,,,,,,,,,,,,,,,,,,,,,,,,,,,,,,,,,,,,,,,,,,,,,,,,,,,,,,,,,,,
VIO_8,76.355231,-81.494035,18.7,5,437,420,Summer,Marine,Summer_Marine,Jakeman,Glaciated,Surface,Surface,Marine,Clear,VIO,8,VIO_8_5,2,VIO_8_2,,O2I_SW2_003_Sample0024,63,0.2206,6.19,8.18,1583.053018,69.72586294,3.964493333,-23.4,0.328010486,0.16003965,0.209087275,0.070406234,0.075496393,0.843040037,0.389080555,0.189836358,0.248015831,0.083514697,0.089552559,0.472595252,0.279388917,0.248015831,,0.009607112,2.01,0.4,0,0,0.47,-17.7,-2.31,0.067054396,NA,NA,NA,NA,NA,NA,NA,NA,NA,"Jakeman glacier down-fiord transect pt3- sea ice cover 5%- ice anchored, 18k from JG",VIO8-1.csv,6,0.89452,29.107,359.72,99.744,0.57784,23.71,0.86176,1023.393883,23.319,VIO8,Day 4,23,downcast,Jakeman,Jakeman,6,VIO8-1.csv.6,7/31/19,23:15:00,,,,,,,,,,,,,,,,,,,,,,,,,,,,,,,,,,,,,,,,,,,,,,,,,,,,,,,,,,,,
VIO_8,76.355006,-81.491098,18.7,25,437,420,Summer,Marine,Summer_Marine,Jakeman,Glaciated,10-100m,10-100m,Marine,Clear,VIO,8,VIO_8_25,3,VIO_8_3,,O2I_SW_002_Sample0025,82,0.7906,6.21,8.42,1737.158833,73.08815064,5.385603924,-23.3,0.266724216,0.331479454,0.244175846,0.062489812,0.064528736,0.969398063,0.27514416,0.34194359,0.251883983,0.064462489,0.066565778,0.339606649,0.408509368,0.251883983,,0.010734678,4.12,0.57,0,0.9,0.77,-14.8,-1.89,0.052685597,NA,NA,NA,NA,NA,NA,NA,NA,NA,"Jakeman glacier down-fiord transect pt3- sea ice cover 5%- ice anchored, 18k from JG",VIO8-1.csv,26,-0.5207,31.405,391.75,106.03,2.9835,0.74396,0.75333,1025.401918,25.23,VIO8,Day 4,23,downcast,Jakeman,Jakeman,6,VIO8-1.csv.26,7/31/19,23:15:00,,,,,,,,,,,,,,,,,,,,,,,,,,,,,,,,,,,,,,,,,,,,,,,,,,,,,,,,,,,,
Terr_NA,NA,NA,0,0,NA,NA,Summer,Glacial,Summer_Fresh,Sverdrup,Glaciated,Glacial_Summer,Glacial,Subglacial,Clear,Grey_Stream,NA,NA,NA,Ter_122,TMD_1,Vag_FW_001_Sample0005,122,NA,-9.4592867,0.122622982,9.87008949,6.854893788,0.925643753,NA,0.055387897,0.080222066,0.283321833,0.049619352,0.03177817,0.500329318,0.11070288,0.160338527,0.566270699,0.099173386,0.063514508,0.209876266,0.223853035,0.566270699,0.790123734,0.000298871,-0.24,0.05,0.01,1.67,0.8,-201.2,-26.36,0.889839206,1.141641573,0.837212147,0.176713946,0.613511249,0.004511621,1.264820286,0.01119011,0.178702479,1.25216353,NA,NA,NA,NA,0,NA,NA,NA,NA,NA,NA,NA,NA,NA,NA,NA,NA,NA,NA,NA,NA,NA,,,111,73.8,3.8,62,301,0.34,0.13,0.51,1.4,2.29,0.16,0.49,0.46,,,0.14,1,,,,,0.36,,,,,,,,,113,79.1,8.3,67,302,0.61,,,8.4,2.33,0.17,,0.48,,,0.15,1.02,,,,,0.53,,,,,,
Terr_NA,75.431782,-83.75203,0,0,NA,NA,Summer,Glacial,Summer_Fresh,Sverdrup,Glaciated,Glacial_Summer,Glacial,Marginal,Clear,Ashley_Tunnel_1,NA,NA,NA,Ter_123,TMD_5,Vag_FW_001_Sample0007,123,NA,-8.870780678,0.116063264,9.42553174,13.04992298,2.192966058,NA,0.137284647,0.106176353,0.227207039,0.069642407,0.057809125,0.59811957,0.229527094,0.177516935,0.379868926,0.116435593,0.096651452,0.345962687,0.274168387,0.379868926,0.654037313,0.002382724,-0.18,0.06,0.01,2.14,1.51,-200.9,-26.27,0.886760178,1.131838051,0.85027164,0.272139557,0.730206665,0.004950222,1.386612426,0.011583675,0.229424662,1.117660507,NA,NA,NA,NA,0,NA,NA,NA,NA,NA,NA,NA,NA,NA,NA,NA,NA,NA,NA,NA,NA,NA,,,169,100,3.9,98,305,0.23,0.09,,3.6,4.37,,,,,,0.34,1.59,,,,,0.78,,,,,,,,,178,99.2,16.1,100,279,0.95,0.11,,22.5,4.17,,,0.31,,,0.36,1.56,,,,,0.97,,,,,,
Terr_NA,NA,NA,0,0,NA,NA,Summer,Glacial,Summer_Fresh,Sverdrup,Glaciated,Glacial_Summer,Glacial,Supraglacial,Clear,Supraglacial_Stream_1,NA,NA,NA,Ter_124,TMD_7,Vag_FW_001_Sample0002,124,NA,-11.71666854,0.078919232,6.571126722,4.734521865,1.761212968,NA,0.02708685,0.080117331,0.150268678,0.030438114,0.055686959,0.343597933,0.078832984,0.233171748,0.437338715,0.08858643,0.162070122,0.167419414,0.39524187,0.437338715,0.832580585,-0.000544095,-0.32,0.05,0,1.61,1.7,NA,NA,NA,0.777403017,0.74869781,0.158922731,0.510280689,0.006266025,1.196291004,0.010796546,0.186607235,0.62543668,NA,NA,NA,NA,0,NA,NA,NA,NA,NA,NA,NA,NA,NA,NA,NA,NA,NA,NA,NA,NA,NA,0.12,,87.2,22.7,5,19,61,0.1,,0.23,4.4,0.26,,,0.67,,,,0.21,,,,,,,,,,,,,,72.2,19.2,2.2,10,40,0.09,,,2.6,0.25,,,0.74,,,,0.18,,,,,,,,,,,
Terr_NA,75.44951,-83.9624,0,0,NA,NA,Summer,Glacial,Summer_Fresh,Sverdrup,Glaciated,Glacial_Summer,Glacial,Marginal,Clear,Bear_Beach_Marginal_1,NA,NA,NA,Ter_125,TMD_9,Vag_FW_001_Sample0013,125,NA,-10.18387527,0.091130523,7.587887023,14.41921451,1.78590473,NA,0.080466129,0.100206031,0.350455527,0.062136362,0.034214162,0.627478211,0.128237327,0.159696432,0.558514258,0.099025529,0.054526454,0.227262856,0.214222886,0.558514258,0.772737144,0.002122885,-0.22,0.07,0.01,1.59,1.55,-202.8,-26.53,0.895655149,1.116755709,0.838179517,0.243026659,0.799775086,0.005388823,1.416466767,0.011583675,0.174750101,1.051839879,NA,NA,NA,NA,0,NA,NA,NA,NA,NA,NA,NA,NA,NA,NA,NA,NA,NA,NA,NA,NA,NA,0.08,,168,91.5,2.6,97,286,0.18,0.1,0.11,5.9,4.4,,,,,,0.3,1.43,,,,,0.49,,,,,,,,,169,87,23.5,98,251,1.27,0.11,,27.5,3.9,,,3.93,,,0.33,1.37,,,,,0.85,,,,,,
Terr_NA,75.324576,-83.61921,0,0,NA,NA,Summer,Glacial,Summer_Fresh,Sverdrup,Glaciated,Glacial_Summer,Glacial,Supraglacial,Clear,Grise_Fiord_Glacier,NA,NA,NA,Ter_137,TMD_16,Vag_FW_001_Sample0012,137,NA,-3.711322708,0.809253591,67.68253353,9.608240097,1.699906851,NA,0.133771746,0.177988119,0.448564451,0.064326739,0.062233956,0.886885011,0.150833247,0.20068906,0.505775208,0.072531093,0.070171392,0.22336434,0.270860452,0.505775208,0.77663566,0.00331406,0.94,0.04,0.01,2.17,0.83,-182.8,-24.13,0.813547725,4.101551164,1.916796855,0.27375694,2.711784589,0.005388823,4.671946922,0.012764368,0.319670625,4.91570153,NA,NA,NA,NA,0,NA,NA,NA,NA,NA,NA,NA,NA,NA,NA,NA,NA,NA,NA,NA,NA,NA,0.17,0.8,1035,876,3,89,2333,2.66,,0.11,2.7,2.57,,0.75,0.25,,,,10.7,,,,,0.56,,,,,,,0.17,0.7,961,811,9,83,2308,2.04,,,8.1,2.42,,1.16,0.63,,,,11.3,,,,,0.89,,,,,,
Terr_NA,NA,NA,0,0,NA,NA,Summer,Glacial,Summer_Fresh,Sverdrup,Glaciated,Glacial_Summer,Glacial,Proglacial,Clear,Brown_Stream_1,NA,NA,NA,Ter_138,TMD_2,Vag_FW_001_Sample0009,138,NA,-10.95290245,0.085971841,7.158354822,10.76900071,1.994021007,NA,0.134633028,0.274652281,0.39282158,0.050934401,0.098223302,0.951264592,0.141530579,0.28872333,0.412946706,0.053543884,0.103255501,0.195074463,0.391978831,0.412946706,0.804925537,0.001700881,-0.28,0.05,0,1.26,1.3,-199.5,-26.2,0.884365378,0.890520581,0.807223683,0.183183479,0.64829546,0.005827424,1.33877763,0.011583675,0.13983743,0.654531305,NA,NA,NA,NA,0,NA,NA,NA,NA,NA,NA,NA,NA,NA,NA,NA,NA,NA,NA,NA,NA,NA,,,139,68,3.7,70,135,0.16,0.13,,3.4,4.99,,0.13,,,,0.43,1.16,,,,,0.63,,,,,,,,,1343,76.6,10.3,76,133,0.53,0.11,,20.4,4.66,,,0.28,,,0.44,1.14,,,,,0.82,,,,,,
Terr_NA,75.44951,-83.96,0,0,NA,NA,Summer,Glacial,Summer_Fresh,Sverdrup,Glaciated,Glacial_Summer,Glacial,Marginal,Clear,Bear_Beach_Marginal_2,NA,NA,NA,Ter_142,TMD_10,Vag_FW_001_Sample0001,142,NA,-9.649170072,0.183425238,14.19842122,11.33738587,1.505547413,NA,0.098372399,0.080924222,0.28474658,0.064801088,0.039422171,0.568266459,0.173109635,0.142405416,0.501079336,0.114032927,0.069372687,0.287142562,0.211778103,0.501079336,0.712857439,0.001250003,-0.15,0.08,0,1.89,1.12,-199.1,-26.06,0.879575778,1.447058996,0.865749557,0.299635071,0.758258448,0.004950222,1.409003182,0.01119011,0.209004043,1.062333023,NA,NA,NA,NA,0,NA,NA,NA,NA,NA,NA,NA,NA,NA,NA,NA,NA,NA,NA,NA,NA,NA,,,174,93.1,2.6,82,297,0.23,0.09,0.47,4.1,3.57,,,,,,0.21,1.33,,,,,0.41,,,,,,,,,179,91.6,14,83,289,0.87,0.1,,20.6,3.53,,,0.29,,,0.24,1.35,,,,,0.6,,,,,,
Terr_NA,75.431782,-83.75203,0,0,NA,NA,Summer,Glacial,Summer_Fresh,Sverdrup,Glaciated,Glacial_Summer,Glacial,Marginal,Clear,Ashley_Tunnel_2,NA,NA,NA,Ter_144,TMD_11,Vag_FW_001_Sample0011,144,NA,-6.387795876,0.097952378,8.15590155,12.05709435,2.092788053,NA,0.133518601,0.07845168,0.36956042,0.060039749,0.052968753,0.694539202,0.192240554,0.112955007,0.532094399,0.086445443,0.076264597,0.278685997,0.189219604,0.532094399,0.721314003,0.002412482,-0.13,0.06,0.01,2.46,1.3,-198,-25.97,0.87649675,1.174068608,0.862363762,0.276991706,0.722352166,0.004950222,1.377791825,0.011583675,0.257750037,1.204944383,NA,NA,NA,NA,0,NA,NA,NA,NA,NA,NA,NA,NA,NA,NA,NA,NA,NA,NA,NA,NA,NA,,,182,108,2.9,90,324,0.25,0.08,0.12,6,3.64,,,,,,0.26,1.51,,,,,0.51,,,,,,,,,163,99.7,6.6,79,306,0.48,,,10,3.45,,,0.17,,,0.24,1.45,,,,,0.63,,,,,,
Terr_NA,75.4410.28,-82.425797,0,0,NA,NA,Summer,Glacial,Summer_Fresh,Sverdrup,Glaciated,Glacial_Summer,Glacial,Subglacial,Clear,LT_Glacier,NA,NA,NA,Ter_145,TMD_8,Vag_FW_001_Sample0010,145,NA,-9.136039985,0.096110121,7.402807098,15.70730816,2.219068777,NA,0.060236131,0.137625917,0.175543851,0.035608073,0.052407482,0.461421454,0.130544713,0.298265102,0.380441459,0.077170388,0.113578338,0.207715101,0.41184344,0.380441459,0.792284899,0.000542205,-0.29,0.08,0,2.02,1.17,-225.4,-29.3,0.990420801,0.889766464,0.800935779,0.147601048,0.661760315,0.005388823,1.367274955,0.01119011,0.199123098,0.723690661,NA,NA,NA,NA,0,NA,NA,NA,NA,NA,NA,NA,NA,NA,NA,NA,NA,NA,NA,NA,NA,NA,,,159,61.5,6.3,44,129,0.11,,,3.4,2.32,,,0.3,,,0.13,0.73,,,,,0.39,,,,,,,,,151,58.1,3.8,37,112,0.18,,,2.8,2.11,,,0.3,,,0.13,0.66,,,,,0.34,,,,,,
Terr_NA,75.324576,-83.61921,0,0,NA,NA,Summer,Glacial,Summer_Fresh,Sverdrup,Glaciated,Glacial_Summer,Glacial,Supraglacial,Clear,Supraglacial_Stream_2,NA,NA,NA,Ter_150,TMD_13,Vag_FW_001_Sample0008,150,NA,-11.48781897,0.044815057,6.723711588,5.81593,1.610945961,NA,0.015563923,0.107001932,0.156387883,0.035575972,0.061106108,0.375635817,0.041433543,0.28485551,0.416328464,0.094708678,0.162673806,0.136142221,0.447529316,0.416328464,0.86385778,-0.000188132,-0.38,0.03,0,1.88,1.26,-227.8,-29.58,1,0.780419485,0.748214125,0.158922731,0.504670333,0.006266025,1.20205832,0.010796546,0.202416747,0.653577383,NA,NA,NA,NA,0,NA,NA,NA,NA,NA,NA,NA,NA,NA,NA,NA,NA,NA,NA,NA,NA,NA,,,66.1,18.6,4.8,14,40,0.06,,0.19,4.3,0.28,,,0.3,,,,0.16,,,,,0.11,,,,,,,,,61.9,16,4.6,,34,0.08,,,2.7,0.25,,,0.21,,,,0.16,,,,,0.11,,,,,,
Terr_NA,NA,NA,0,0,NA,NA,Summer,Glacial,Summer_Fresh,Sverdrup,Glaciated,Glacial_Summer,Glacial,Proglacial,Clear,Brown_Stream_2,NA,NA,NA,Ter_156,TMD_12,Vag_FW_001_Sample0003,156,NA,-11.14906125,0.058302432,5.138897433,15.65563678,2.006014148,NA,0.112540199,0.120903616,0.388096397,0.050532551,0.058326015,0.730398777,0.154080486,0.165530967,0.53134864,0.069184878,0.079855028,0.223265364,0.245385995,0.53134864,0.776734635,0.002007649,-0.29,0.06,0.01,1.61,1,-200.3,-26.16,0.882996921,0.884487644,0.801419464,0.184800862,0.659516173,0.005388823,1.369988986,0.011583675,0.168821534,0.680287203,NA,NA,NA,NA,0,NA,NA,NA,NA,NA,NA,NA,NA,NA,NA,NA,NA,NA,NA,NA,NA,NA,,,154,69.4,4.1,63,136,0.12,0.07,0.12,4.9,4.39,3.55,1.35,1.06,,,0.34,1.07,,,,,0.78,,,,,,,,,138,64.4,9.7,57,123,0.44,0.1,,19.8,4.07,,,0.63,,,0.33,1.02,,,,,0.75,,,,,,
Terr_NA,75.721883,-83.135511,0,0,NA,NA,Spring,Glacial,Spring_Fresh,Sverdrup,Glaciated,Glacial_Spring,Glacial,Basal,Clear,Basal_Ice_East,NA,NA,NA,SVD-E-BI,E_BI_0.02um,SpringEM001SVD0001SEM.txt,1001,NA,NA,NA,NA,6.307029574,1.345463027,NA,0.139512986,1.094869156,0.440346193,0.041037354,0.364853586,2.080619275,0.067053587,0.52622273,0.211641889,0.019723625,0.175358169,0.086777212,0.701580899,0.211641889,0.913222788,0.002867131,NA,NA,NA,NA,NA,-200.99,-26.29,0.887444406,0.802290071,0.332320975,0.50509083,0.173633902,0,0.078403645,NA,0.021550299,0.76798226,NA,NA,NA,NA,0,NA,NA,NA,NA,NA,NA,NA,NA,NA,NA,NA,NA,NA,NA,NA,NA,NA,0.47,,38.4,164.4,2.9,98,333,0.21,,,0.32,2.09,0.5,,5.15,,,,0.99,,,,,0.11,,,,,,,0.51,,194.9,156.9,95.4,125,285,5.19,0.23,0.25,81.74,2.3,0.2,0.18,1.52,,,0.21,1.02,,,,,1.13,0.09,0.16,,,,
Terr_NA,75.6932,-83.295547,0,0,NA,NA,Spring,Glacial,Spring_Fresh,Sverdrup,Glaciated,Glacial_Spring,Glacial,Basal,Clear,Basal_Ice_West,NA,NA,NA,SVD-W-BI,W_BI_0.02um,SpringEM001SVD0008SEM.txt,1002,NA,NA,NA,NA,41.40561712,0.280003598,NA,0.056807428,0.287464602,0,0.040299189,0.737764982,1.122336202,0.05061534,0.256130562,0,0.035906522,0.657347576,0.086521862,0.913478138,0,0.913478138,0.001728967,NA,NA,NA,NA,NA,-197.51,-25.84,0.872049264,0.560160992,0.108410361,0.350303866,0.148318018,0,0.038003624,NA,0.017327402,0.473023662,NA,NA,NA,NA,0,NA,NA,NA,NA,NA,NA,NA,NA,NA,NA,NA,NA,NA,NA,NA,NA,NA,0.25,,125.6,91.8,2.7,381,372,0.25,,,0.48,0.54,0.09,,0.32,,,0.17,1.35,,,0.16,,0.12,,,,,,,0.43,,204.9,198.6,365,468,364,20.64,0.73,0.52,349.3,3.42,0.47,0.81,3.79,,,0.74,1.74,0.12,0.21,,,3.79,0.3,0.6,0.24,0.12,0.17,
Terr_NA,75.721883,-83.135511,0,0,NA,NA,Spring,Glacial,Spring_Fresh,Sverdrup,Glaciated,Glacial_Spring,Glacial,Subglacial,Clear,Channel_Ice_East,NA,NA,NA,SVD-E-CI,E_CI_0.02um,SpringEM001SVD0004SEM.txt,1003,NA,NA,NA,NA,17.69969042,1.67191609,NA,0.077230805,0.929518403,0.748962324,0,0.44760259,2.203314122,0.035052108,0.421872848,0.33992535,0,0.203149694,0.035052108,0.625022542,0.33992535,0.964947892,0.002250902,NA,NA,NA,NA,NA,-190.76,-24.84,0.837837838,0.265207585,0.054381807,0.103951249,0.093241303,0,0.168492895,0.0135939,0.056490637,0.318986058,NA,NA,NA,NA,0,NA,NA,NA,NA,NA,NA,NA,NA,NA,NA,NA,NA,NA,NA,NA,NA,NA,,,182.3,96,2.4,103,391,0.27,,,1.89,1.02,0.31,0.23,2.48,,,0.17,1.21,,,,,0.19,,,,,,,,,190.9,87.2,2.8,103,364,0.34,,,2.3,0.91,0.13,0.13,3.5,,,0.17,1.14,,,,,0.35,,,,,,
Terr_NA,75.6932,-83.295547,0,0,NA,NA,Spring,Glacial,Spring_Fresh,Sverdrup,Glaciated,Glacial_Spring,Glacial,Subglacial,Clear,Channel_Ice_West,NA,NA,NA,SVD-W-CI,W_CI_0.02um,SpringEM001SVD0010SEM.txt,1004,NA,NA,NA,NA,7.041006624,0.897592913,NA,0.056553768,0.878053507,0.810500114,0.013306686,0.41638677,2.174800845,0.026004113,0.40373973,0.372677855,0.006118577,0.191459724,0.03212269,0.595199454,0.372677855,0.967877309,0.001386562,NA,NA,NA,NA,NA,-192.78,-24.89,0.839548409,0.085336434,0.015908809,0.035540129,0.024152855,0,0.037571765,NA,0.027215894,0.05749133,NA,NA,NA,NA,0,NA,NA,NA,NA,NA,NA,NA,NA,NA,NA,NA,NA,NA,NA,NA,NA,NA,,,38.8,11.7,4.5,28,154,0.09,,,2.56,0.2,0.49,,2.26,,,,0.17,,,,,,,,,,,,,,162.6,9.1,4.2,28,99,0.34,,0.27,4.94,0.17,0.53,0.03,3.15,,,,0.12,,,,,,,,,,,
Terr_NA,75.6932,-83.295547,0,0,NA,NA,Spring,Glacial,Spring_Fresh,Sverdrup,Glaciated,Glacial_Spring,Glacial,Englacial,Clear,Enclacial_Ice_West,NA,NA,NA,SVD-W-EI,W_EI_0.02um,SpringEM001SVD0006SEM.txt,1005,NA,NA,NA,NA,9.479704564,0.735069409,NA,0.036704869,0.337701136,0,0.039853861,0.501736356,0.915996222,0.040070983,0.368670883,0,0.043508761,0.547749372,0.083579744,0.916420255,0,0.916420255,0.001072736,NA,NA,NA,NA,NA,-198.46,-25.98,0.876838864,0.052127092,0.016492297,0.027846147,0.055447982,0,0.090360222,0.013314436,0.05425145,0.050697115,NA,NA,NA,NA,0,NA,NA,NA,NA,NA,NA,NA,NA,NA,NA,NA,NA,NA,NA,NA,NA,NA,,,42.1,12.7,8.9,19,34,,,,1.22,0.19,,,2.84,,,,,,,,,0.09,,,,,,,,,174.6,4.2,8,14,,0.25,,0.1,5.7,,,,6.36,,,,,,,,,,,,,,,
Terr_NA,NA,NA,0,0,NA,NA,Spring,Glacial,Spring_Fresh,Sverdrup,Glaciated,Glacial_Spring,Glacial,Basal,Clear,Overwinter_Water_East,NA,NA,NA,SVD-E-OW,E_OW_0.02um,SpringEM001SVD0003SEM.txt,1006,NA,NA,NA,NA,13.7874674,5.987349341,NA,0.084946427,0.497475581,0.363072461,0.030519263,0.382482432,1.358496164,0.062529751,0.366195794,0.267260571,0.022465476,0.281548408,0.084995227,0.647744202,0.267260571,0.915004773,0.004101147,NA,NA,NA,NA,NA,-199.82,-26.49,0.894286692,1.729007101,0.613798318,0.532709324,0.696535527,0,1.081358917,0.016787767,0.517673049,3.007041921,NA,NA,NA,NA,0,NA,NA,NA,NA,NA,NA,NA,NA,NA,NA,NA,NA,NA,NA,NA,NA,NA,,,82.7,76,7.1,70,299,0.2,,,0.55,0.39,0.11,,0.76,,,0.13,0.94,,,,,0.31,,,,,,,,,231.4,57.3,5.1,69,220,0.22,,0.16,2.06,0.32,0.23,,6.33,,,0.13,0.72,,,,,0.24,,,,,,
Terr_NA,75.690072,-83.24175,0,0,NA,NA,Spring,Glacial,Spring_Fresh,Sverdrup,Glaciated,Glacial_Spring,Glacial,Surface,Clear,Surface_Ice_Camp,NA,NA,NA,SVD-S-SI1,S_SI1_0.02um,SpringEM001SVD0009SEM.txt,1007,NA,NA,NA,NA,23.18850172,0.923977136,NA,0.058870026,1.090289187,0.224328812,0.026200752,0.449052715,1.848741493,0.031843298,0.589746696,0.121341363,0.01417221,0.242896433,0.046015508,0.832643129,0.121341363,0.953984492,0.001276725,NA,NA,NA,NA,NA,-195.18,-25.37,0.855969894,0.047295248,0.014592856,0.0275921,0.049671808,0,0.115018545,0.013294475,0.027847074,0.034348534,NA,NA,NA,NA,0,NA,NA,NA,NA,NA,NA,NA,NA,NA,NA,NA,NA,NA,NA,NA,NA,NA,,,50.9,18.7,4.4,14,82,,,,3.37,0.16,,,6.87,,,,0.12,,,,,,,,,,,,,,209.8,9.3,2.4,16,38,,,,5.51,,,0.11,4.56,,,,,,,,0.1,,,,,,,
Terr_NA,75.680422,-83.241139,0,0,NA,NA,Spring,Glacial,Spring_Fresh,Sverdrup,Glaciated,Glacial_Spring,Glacial,Surface,Clear,Surface_Ice_Upglacier,NA,NA,NA,SVD-S-SI2,S_SI2_0.02um,SpringEM001SVD0002SEM.txt,1008,NA,NA,NA,NA,7.712310111,1.513445335,NA,0.030322202,0.228933835,0,0.041645734,0.478768032,0.779669803,0.038891082,0.293629219,0,0.053414578,0.614065121,0.09230566,0.90769434,0,0.90769434,0.001806897,NA,NA,NA,NA,NA,-208.12,-26.88,0.907629148,0.042214142,0.013537611,0.0275921,0.037871267,0,0.085059359,0.013254551,0.04078627,0.03196584,NA,NA,NA,NA,0,NA,NA,NA,NA,NA,NA,NA,NA,NA,NA,NA,NA,NA,NA,NA,NA,NA,,,44.3,7.6,3.5,15,62,,,,0.37,,,,5.56,,,,,,,,,,,,,,,,,,172,4.2,2.1,14,28,,,,1.14,,,,1.3,,,,,,,,,,,,,,,
Terr_NA,75.690072,-83.24175,0,0,NA,NA,Spring,Glacial,Spring_Fresh,Sverdrup,Glaciated,Glacial_Spring,Glacial,Surface,Clear,Surface_Snow_Camp,NA,NA,NA,SVD-S-SS1,S_SS1_0.02um,SpringEM001SVD0007SEM.txt,1009,NA,NA,NA,NA,16.88493412,2.166434171,NA,0.02599747,1.013383369,0.036143741,0.005531415,0.813805711,1.894861706,0.013719983,0.534805979,0.019074606,0.002919166,0.429480267,0.016639149,0.964286246,0.019074606,0.983360852,0.004577605,NA,NA,NA,NA,NA,-297.32,-38.52,1.305850154,0.079680108,0.039893911,0.0275921,0.192383902,0,0.439421139,0.015849569,0.125664994,0.338366086,NA,NA,NA,NA,0,NA,NA,NA,NA,NA,NA,NA,NA,NA,NA,NA,NA,NA,NA,NA,NA,NA,,,132.4,44.3,13.9,15,68,0.08,,,1.61,0.31,,0.35,3.58,,,,0.27,,,,,,,,,0.13,,0.8,,,267.8,32.9,4.1,15,50,0.12,,,2.14,0.25,0.1,0.26,8.43,,,,0.19,,,,,,,,,,,
Terr_NA,75.680422,-83.241139,0,0,NA,NA,Spring,Glacial,Spring_Fresh,Sverdrup,Glaciated,Glacial_Spring,Glacial,Surface,Clear,Surface_Snow_Upglacier,NA,NA,NA,SVD-S-SS2,S_SS2_0.02um,SpringEM001SVD0005SEM.txt,1010,NA,NA,NA,NA,20.59938723,2.617033688,NA,0.226649469,1.164311757,1.009518887,0,0.796373733,3.196853846,0.070897664,0.364205501,0.315785124,0,0.249111712,0.070897664,0.613317213,0.315785124,0.929102337,0.011671546,NA,NA,NA,NA,NA,-256.95,-33.35,1.128977078,0.108383563,0.047814457,0.027809854,0.170971447,0,0.364184463,0.014392367,0.146088185,0.258593031,NA,NA,NA,NA,0,NA,NA,NA,NA,NA,NA,NA,NA,NA,NA,NA,NA,NA,NA,NA,NA,NA,,,196.9,75.1,3.7,16,135,0.09,,,0.73,0.45,,,3.62,,,,0.37,,,,,,,,,,,,,,336.5,56.1,3.3,16,98,0.13,,,1.55,0.36,,,5.47,,,,0.27,,,,,,,,,,,
Terr_NA,76.33236,-81.134696,0,0,NA,NA,Summer,Glacial,Summer_Fresh,Fram_Fiord,Unglaciated,Glacial,Glacial,Proglacial,Clear,Fram_Fiord_Braided_Stream ,NA,NA,NA,Ter_62,TMD_3,Vag_FW_001_Sample0006,62,NA,4.21,1.34,111.9160236,9.196714476,1.417292002,NA,0.159487986,0.026951768,0.51574688,0.193288735,0.078493657,0.973969027,0.163750573,0.0276721,0.52953109,0.198454704,0.080591533,0.362205277,0.108263633,0.52953109,,0.006387335,0.85,0.07,0.01,1.52,0.89,-178.7,-23.53,0.793020869,1.447813113,1.024398205,0.226852826,0.910860145,0.00407302,1.496191427,0.01119011,0.070670816,0.721782817,NA,NA,NA,NA,0,NA,NA,NA,NA,NA,NA,NA,NA,NA,NA,NA,NA,NA,NA,NA,NA,NA,0.13,1.4,897,841,4.9,216,1676,2.13,0.21,0.11,3.2,4.39,,,0.82,,,0.24,3.24,,,0.18,,,,,,,,,0.2,2,1173,1107,70,299,2349,3.81,0.35,,80.7,6.53,,0.14,,,,0.42,4.65,,,0.25,,1.06,0.13,0.21,,,,
Terr_NA,NA,NA,0,0,NA,NA,Summer,Glacial,Summer_Fresh,Fram_Fiord,Unglaciated,Glacial,Glacial,Proglacial,Clear,Fram_Fiord_Delta,NA,NA,NA,Ter_73,TMD_4,Vag_FW_001_Sample0004,73,NA,-4.14,1.63,135.9607957,11.88547156,2.259281075,NA,0.236244401,0.073126731,0.428561609,0.172562705,0.067949548,0.978444994,0.241448832,0.074737703,0.438002761,0.176364238,0.069446467,0.41781307,0.14418417,0.438002761,,0.008495069,0.55,0.11,0,1.56,1.06,-179.4,-23.65,0.79712624,3.721476149,1.43117721,0.539007789,3.583633992,0.00407302,5.045465435,0.013157932,0.245234174,1.228315476,NA,NA,NA,NA,0,NA,NA,NA,NA,NA,NA,NA,NA,NA,NA,NA,NA,NA,NA,NA,NA,NA,0.29,7.4,2906,1279,33.2,536,2562,2.83,1.04,0.22,3.7,3.02,,0.16,0.44,0.24,,0.35,5.79,,,0.76,,,,,,,,,0.3,6.9,2702,1193,69.1,507,2542,3.5,1.04,,71,3.01,,0.15,,0.23,,0.41,5.93,,,0.72,,0.9,0.13,0.24,,,,
Terr_NA,76.324451,-81.14187,0,0,NA,NA,Summer,Estuary,Summer_Estuary,Fram_Fiord,Unglaciated,Estuary,Estuary,Brackish,Clear,Fram_Fiord_Low_Tide,NA,NA,NA,Est_75,TMD_6,O2I_SW2_003_Sample0030,75,NA,NA,NA,237.3327765,27.96841894,3.607674722,-26.1,0.281317628,0.192657968,0.251253822,0.06628119,0.078377135,0.869887743,0.323395323,0.221474517,0.288834765,0.076195108,0.090100287,0.399590431,0.311574804,0.288834765,,0.006103193,2.69,0.08,0.02,1.43,2.47,-172.4,-22.74,0.765993842,NA,NA,NA,NA,NA,NA,NA,NA,NA,NA,NA,NA,NA,0,NA,NA,NA,NA,NA,NA,NA,NA,NA,NA,NA,NA,NA,NA,NA,NA,NA,6.61,150,56504,50652,12,16531,17694,16.9,4.67,0.35,6.6,15.1,0.36,6.99,0.27,1.51,3.72,4.22,239,,,1.52,,6.79,,,,,,0.12,6.36,153,52281,46925,13.2,15301,17383,16.5,3.21,0.26,5.2,15,0.32,8.95,94.4,1.13,3.22,4.08,243,,,1.45,,7.17,,,,,,
VIO_22,75.745318,-83.286913,0.88,7,172,160,Summer,Marine,Summer_Marine,Sverdrup,Glaciated,Plume,Surface,Marine,Plume,VIO,22,VIO_22_7,2,VIO_22_2,,O2I_SW_002_Sample0024,37,0.6745,6,10.74,1724.490986,179.8547497,7.465806894,-24.2,0.330334745,1.049931334,0.313429779,0.068740905,0.005606726,1.768043488,0.186836323,0.593837958,0.177274926,0.038879646,0.003171147,0.225715969,0.597009105,0.177274926,0.774284031,0.011597559,5.66,0.48,0.03,1.91,0.13,-25.8,-3.41,0.104686965,NA,NA,NA,NA,NA,NA,NA,NA,NA,"Western side of SG approx 1 km from terminus, 3 m vis of CTD in water",VIO22-1.csv,8,-0.067701,29.915,365.82,100.26,4.1665,1.5363,24.83,1024.095367,24.011,VIO22,Day 8,77,downcast,Sverdrup,Sverdrup,1,VIO22-1.csv.8,2008-04-19,16:37:00,,,,,,,,,,,,,,,,,,,,,,,,,,,,,,,,,,,,,,,,,,,,,,,,,,,,,,,,,,,,
VIO_22,75.745304,-83.286712,0.88,20,172,160,Summer,Marine,Summer_Marine,Sverdrup,Glaciated,10-100m,10-100m,Marine,Plume,VIO,22,VIO_22_20,3,VIO_22_3,,O2I_SW_001_Sample0018,46,4.2546,5.64,14.22,1777.776278,29.54416515,3.316793953,-24.2,0.269199591,0.076953944,0.209307987,0.064435756,0.065761968,0.685659246,0.39261425,0.112233511,0.305265316,0.093976355,0.095910568,0.486590605,0.208144079,0.305265316,0.513409395,0.010846147,3.96,0.42,0.01,1,0.56,-16.5,-2.16,0.061922682,NA,NA,NA,NA,NA,NA,NA,NA,NA,"Western side of SG approx 1 km from terminus, 3 m vis of CTD in water",VIO22-1.csv,21,0.12006,31.895,387.46,107.44,23.284,-0.31069,4.169,1025.74617,25.599,VIO22,Day 8,77,downcast,Sverdrup,Sverdrup,1,VIO22-1.csv.21,2008-04-19,16:37:00,,,,,,,,,,,,,,,,,,,,,,,,,,,,,,,,,,,,,,,,,,,,,,,,,,,,,,,,,,,,
VIO_22,75.744421,-83.283686,0.88,115,172,160,Summer,Marine,Summer_Marine,Sverdrup,Glaciated,>100m,>100m,Marine,Plume,VIO,22,VIO_22_115,4,VIO_22_4,,O2I_SW2_001_Sample0003,48,0.0303,5.89,11.69,1830.026159,104.4904624,12.11262085,-24.5,0.265701028,0.152458265,0.226606566,0.066931343,0.080280541,0.791977743,0.335490524,0.192503219,0.286127443,0.084511646,0.101367168,0.42000217,0.293870387,0.286127443,0.57999783,0.011621125,12.7,0.85,0.05,6.39,0.1,-12.7,-1.7,0.046185426,NA,NA,NA,NA,NA,NA,NA,NA,NA,"Western side of SG approx 1 km from terminus, 3 m vis of CTD in water",VIO22-1.csv,116,-1.5929,32.659,279.55,73.725,0.2348,-0.31245,0.97333,1026.888353,26.279,VIO22,Day 8,77,downcast,Sverdrup,Sverdrup,1,VIO22-1.csv.116,2008-04-19,16:37:00,,,,,,,,,,,,,,,,,,,,,,,,,,,,,,,,,,,,,,,,,,,,,,,,,,,,,,,,,,,,
VIO_23,75.749411,-83.195611,0.7,4,110,100,Summer,Marine,Summer_Marine,Sverdrup,Glaciated,Plume,Surface,Marine,Plume,VIO,23,VIO_23_4,2,VIO_23_2,,O2I_SW_002_Sample0023,40,0.7693,6.35,12.83,1573.08414,54.35934465,3.499512989,-24.2,0.321825305,0.44508766,0.27955984,0.074204346,0.102318778,1.22299593,0.263145034,0.36393225,0.228586076,0.060674238,0.083662403,0.323819272,0.447594653,0.228586076,0.676180729,0.010074817,9.21,0.62,0.05,3.8,1.87,-31.4,-4.12,0.128977078,NA,NA,NA,NA,NA,NA,NA,NA,NA,"water turbid, in plume, 0.5 m ctd vis in water **Falling tide, 2 h from low tide",VIO23-1.csv,5,0.47894,28.84,357.09,96.956,3.8767,1.0568,27.346,1023.19345,23.123,VIO23,Day 8,81,downcast,Sverdrup_rep,Sverdrup,2,VIO23-1.csv.5,2008-04-19,19:12:00,,,,,,,,,,,,,,,,,,,,,,,,,,,,,,,,,,,,,,,,,,,,,,,,,,,,,,,,,,,,
VIO_23,75.749457,-83.194641,0.7,12,110,100,Summer,Marine,Summer_Marine,Sverdrup,Glaciated,10-100m,10-100m,Marine,Plume,VIO,23,VIO_23_12,3,VIO_23_3,,O2I_SW2_001_Sample0013,66,0.9646,5.62,8.06,1745.053614,72.52776936,7.216268314,-24.8,0.33255457,0.106559771,0.168772539,0.071011212,0.064384835,0.743282927,0.447413169,0.143363673,0.227063656,0.095537257,0.086622244,0.542950426,0.229985917,0.227063656,0.457049573,0.011832144,5.36,0.39,0.03,1.81,0.57,-19.8,-2.59,0.076633596,NA,NA,NA,NA,NA,NA,NA,NA,NA,"water turbid, in plume, 0.5 m ctd vis in water **Falling tide, 2 h from low tide",VIO23-1.csv,13,0.32924,30.533,349.74,94.835,37.286,-0.083984,10.133,1024.601506,24.493,VIO23,Day 8,81,downcast,Sverdrup_rep,Sverdrup,2,VIO23-1.csv.13,2008-04-19,19:12:00,,,,,,,,,,,,,,,,,,,,,,,,,,,,,,,,,,,,,,,,,,,,,,,,,,,,,,,,,,,,
VIO_24,75.750464,-83.194493,0.7,2,105,90,Summer,Marine,Summer_Marine,Sverdrup,Glaciated,Plume,Surface,Marine,Plume,VIO,24,VIO_24_2,2,VIO_24_2,,O2I_SW2_001_Sample0002,24,0.5585,5.02,12.36,1518.324072,62.24206129,6.936840304,-25,0.24086567,0.28828494,0.185018132,0.061559064,0.083708919,0.859436726,0.280259922,0.335434747,0.215278363,0.071627221,0.097399747,0.351887143,0.432834494,0.215278363,0.648112857,0.010044165,4.17,0.32,0.02,1.77,0,-39.5,-5.19,0.165583305,NA,NA,NA,NA,NA,NA,NA,NA,NA,"water turbid, in plume, <1 m ctd vis in water **Falling tide, 1 h from low",VIO24-1.csv,3,0.65177,29.117,372.16,101.08,2.7719,2.2432,21.216,1023.398847,23.338,VIO24,Day 9,84,downcast,Sverdrup_rep,Sverdrup,2,VIO24-1.csv.3,2008-05-19,8:57:00,,,,,,,,,,,,,,,,,,,,,,,,,,,,,,,,,,,,,,,,,,,,,,,,,,,,,,,,,,,,
VIO_24,75.750653,-83.192476,0.7,17,105,90,Summer,Marine,Summer_Marine,Sverdrup,Glaciated,10-100m,10-100m,Marine,Plume,VIO,24,VIO_24_17,3,VIO_24_3,,O2I_SW_001_Sample0020,25,5.6136,6.08,12.82,1740.568765,-4.910148194,0.010932968,-24.8,0.24208872,0.184126696,0.235379532,0.062687642,0.077975064,0.802257654,0.301759315,0.229510675,0.29339643,0.078139039,0.097194541,0.379898354,0.326705216,0.29339643,0.620101646,0.012950204,2.47,0.27,0,0.48,0.29,-16.6,-2.13,0.060896339,NA,NA,NA,NA,NA,NA,NA,NA,NA,"water turbid, in plume, <1 m ctd vis in water **Falling tide, 1 h from low",VIO24-1.csv,18,0.21173,31.808,390.05,107.77,35.151,-0.24426,5.5076,1025.656968,25.524,VIO24,Day 9,84,downcast,Sverdrup_rep,Sverdrup,2,VIO24-1.csv.18,2008-05-19,8:57:00,,,,,,,,,,,,,,,,,,,,,,,,,,,,,,,,,,,,,,,,,,,,,,,,,,,,,,,,,,,,
VIO_25,75.76624,-83.114772,1,2,60,50,Summer,Marine,Summer_Marine,Sverdrup,Glaciated,Plume,Surface,Marine,Plume,VIO,25,VIO_25_2,2,VIO_25_2,,O2I_SW2_002_Sample0025,22,0.5622,5.75,11.85,1541.101255,33.47672613,3.856485315,-25.8,0.198148803,0.417282724,0.229994711,0.056890525,0.166382742,1.068699504,0.185411149,0.390458424,0.215209897,0.053233416,0.155687114,0.238644565,0.546145538,0.215209897,0.761355435,0.010497603,8.84,0.61,0.05,3.19,0,-31.4,-4.1,0.12829285,NA,NA,NA,NA,NA,NA,NA,NA,NA,"still in plume, about 1 km from terminus, approx 1 m vis of CTD in water",VIO25-1.csv,3,0.97662,28.888,370.08,101.7,2.533,21.881,12.356,1023.199849,23.139,VIO25,Day 9,87,downcast,Sverdrup,Sverdrup,3,VIO25-1.csv.3,2008-05-19,11:05:00,,,,,,,,,,,,,,,,,,,,,,,,,,,,,,,,,,,,,,,,,,,,,,,,,,,,,,,,,,,,
VIO_25,75.765982,-83.113633,1,17,60,50,Summer,Marine,Summer_Marine,Sverdrup,Glaciated,10-100m,10-100m,Marine,Plume,VIO,25,VIO_25_17,3,VIO_25_3,,O2I_SW2_001_Sample0009,28,1.1681,5.01,15.03,1800.638916,127.3869659,8.745074038,-24.2,0.3244821,0.196132373,0.213960348,0.074651952,0.083375688,0.89260246,0.363523645,0.219730935,0.239703963,0.083634042,0.093407414,0.447157687,0.313138349,0.239703963,0.552842312,0.011915423,12.72,0.95,0.08,5.8,5.48,-14.5,-1.89,0.052685597,NA,NA,NA,NA,NA,NA,NA,NA,NA,"still in plume, about 1 km from terminus, approx 1 m vis of CTD in water",VIO25-1.csv,18,-0.72095,32.27,323.68,87.411,4.014,-0.29358,3.0456,1026.070447,25.937,VIO25,Day 9,87,downcast,Sverdrup,Sverdrup,3,VIO25-1.csv.18,2008-05-19,11:05:00,,,,,,,,,,,,,,,,,,,,,,,,,,,,,,,,,,,,,,,,,,,,,,,,,,,,,,,,,,,,
VIO_26,75.766485,-83.160463,3,2,25,20,Summer,Marine,Summer_Marine,Sverdrup,Glaciated,Plume,Surface,Marine,Plume,VIO,26,VIO_26_2,2,VIO_26_2,,O2I_SW2_001_Sample0017,15,0.7489,3.71,10.14,1613.712561,22.96160061,3.162999552,-25.6,0.237753731,0.251969558,0.225696011,0.067331931,0.093428769,0.87618,0.271352612,0.287577391,0.257590919,0.076847144,0.106631935,0.348199756,0.394209326,0.257590919,0.651800245,0.010908989,3.87,0.24,0.02,1.39,1.32,-32.5,-4.26,0.133766678,NA,NA,NA,NA,NA,NA,NA,NA,NA,"turbid, still in plume, <1m vis, approx 3 km from glacuer term",VIO26-1.csv,3,0.38412,28.554,378.34,102.53,3.0543,7.977,31.576,1022.957413,22.897,VIO26,Day 9,90,downcast,Sverdrup,Sverdrup,5,VIO26-1.csv.3,2008-05-19,13:30:00,,,,,,,,,,,,,,,,,,,,,,,,,,,,,,,,,,,,,,,,,,,,,,,,,,,,,,,,,,,,
VIO_26,75.766634,-83.159086,3,12,25,20,Summer,Marine,Summer_Marine,Sverdrup,Glaciated,10-100m,10-100m,Marine,Plume,VIO,26,VIO_26_12,3,VIO_26_3,,O2I_SW2_001_Sample0014,35,4.4373,5.47,12.36,1681.42892,42.34021294,6.067456202,-23.2,0.255455702,0.127008958,0.213625021,0.066136541,0.076707233,0.738933455,0.34570867,0.171881456,0.289099132,0.089502702,0.10380804,0.435211372,0.275689496,0.289099132,0.564788628,0.012827497,2.73,0.36,0,0.57,1.62,-16.6,-2.17,0.062264796,NA,NA,NA,NA,NA,NA,NA,NA,NA,"turbid, still in plume, <1m vis, approx 3 km from glacuer term",VIO26-1.csv,13,0.18017,31.623,381.13,104.9,19.898,-0.068034,5.2774,1025.485852,25.377,VIO26,Day 9,90,downcast,Sverdrup,Sverdrup,5,VIO26-1.csv.13,2008-05-19,13:30:00,,,,,,,,,,,,,,,,,,,,,,,,,,,,,,,,,,,,,,,,,,,,,,,,,,,,,,,,,,,,
VIO_27,75.766401,-83.223602,3.69,3,71,60,Summer,Marine,Summer_Marine,Sverdrup,Glaciated,Plume,Surface,Marine,Plume,VIO,27,VIO_27_3,2,VIO_27_2,,O2I_SW2_002_Sample0033,1,0.7874,4.79,8.52,1835.483015,76.79389784,12.95139125,-22.7,0.205693379,0.24540509,0.270737608,0.060682743,0.089949122,0.872467942,0.235760386,0.281276914,0.310312386,0.069552977,0.103097337,0.305313363,0.384374251,0.310312386,0.694686637,0.011088914,3.1,0.36,0,0.75,0.68,-27.8,-3.67,0.113581936,NA,NA,NA,NA,NA,NA,NA,NA,NA,"start of 2nd horizontal transect, still in plume, tubid, 3 km from glacier front. V. low CTD vis",VIO27-1.csv,4,0.46182,29.399,381.58,103.89,30.467,1.3554,29.929,1023.63871,23.574,VIO27,Day 9,93,downcast,Sverdrup,Sverdrup,6,VIO27-1.csv.4,2008-05-19,15:35:00,,,,,,,,,,,,,,,,,,,,,,,,,,,,,,,,,,,,,,,,,,,,,,,,,,,,,,,,,,,,
VIO_27,75.766907,-83.222663,3.69,10,71,60,Summer,Marine,Summer_Marine,Sverdrup,Glaciated,Plume,Surface,Marine,Plume,VIO,27,VIO_27_10,3,VIO_27_3,,O2I_SW2_001_Sample0007,17,4.2895,3.81,11.68,1750.743042,78.87273163,7.741565578,-28.2,0.29291567,0.077645479,0.206877286,0.068788078,0.068424269,0.714650782,0.409872454,0.108648142,0.289480248,0.096254115,0.095745042,0.506126569,0.204393184,0.289480248,0.493873432,0.012622401,10.79,0.74,0.06,4.11,2.75,-15.9,-2.06,0.05850154,NA,NA,NA,NA,NA,NA,NA,NA,NA,"start of 2nd horizontal transect, still in plume, tubid, 3 km from glacier front. V. low CTD vis",VIO27-1.csv,11,-0.023693,31.9,377.72,104.32,24.58,-0.2561,4.2118,1025.709277,25.61,VIO27,Day 9,93,downcast,Sverdrup,Sverdrup,6,VIO27-1.csv.11,2008-05-19,15:35:00,,,,,,,,,,,,,,,,,,,,,,,,,,,,,,,,,,,,,,,,,,,,,,,,,,,,,,,,,,,,
VIO_27,75.767907,-83.22156,3.69,40,71,60,Summer,Marine,Summer_Marine,Sverdrup,Glaciated,10-100m,10-100m,Marine,Plume,VIO,27,VIO_27_40,4,VIO_27_4,,O2I_SW2_002_Sample0021,19,0.2982,4.82,13.09,1853.383581,40.08697176,7.457955123,-24.6,0.235231691,0.309800962,0.222744208,0.062632806,0.0859171,0.916326768,0.256711579,0.338090049,0.243083817,0.068352042,0.093762513,0.325063621,0.431852562,0.243083817,0.674936379,0.010925357,11.23,0.8,0.06,6.23,3.52,-12.8,-1.7,0.046185426,NA,NA,NA,NA,NA,NA,NA,NA,NA,"start of 2nd horizontal transect, still in plume, tubid, 3 km from glacier front. V. low CTD vis",VIO27-1.csv,41,-1.5294,32.627,291.57,77.089,1.1057,-0.28523,6.6165,1026.496681,26.251,VIO27,Day 9,93,downcast,Sverdrup,Sverdrup,6,VIO27-1.csv.41,2008-05-19,15:35:00,,,,,,,,,,,,,,,,,,,,,,,,,,,,,,,,,,,,,,,,,,,,,,,,,,,,,,,,,,,,
VIO_28,75.763739,-83.28998,3,4,53,50,Summer,Marine,Summer_Marine,Sverdrup,Glaciated,Surface,Surface,Marine,Clear,VIO,28,VIO_28_4,2,VIO_28_2,,O2I_SW2_001_Sample0015,29,0.4867,5.93,12.38,1641.06945,66.37987116,6.094688793,-24.2,0.318992352,0.529448917,0.276113394,0.067529305,0.042424416,1.234508384,0.258396262,0.428874298,0.223662631,0.054701374,0.034365434,0.313097636,0.463239732,0.223662631,0.686902363,0.011403342,6.44,0.48,0.02,1.65,0.55,-27.9,-3.7,0.114608279,NA,NA,NA,NA,NA,NA,NA,NA,NA,"western point of 2nd horiz trnsect. Water clearer, approx 3 km from glacier front",VIO28-1.csv,5,0.60909,29.586,370.81,104.2,2.6666,12.592,24.22,1023.787273,23.717,VIO28,Day 9,97,downcast,Sverdrup,Sverdrup,7,VIO28-1.csv.5,2008-05-19,17:58:00,,,,,,,,,,,,,,,,,,,,,,,,,,,,,,,,,,,,,,,,,,,,,,,,,,,,,,,,,,,,
VIO_28,75.76363,-83.290265,3,12,53,50,Summer,Marine,Summer_Marine,Sverdrup,Glaciated,10-100m,10-100m,Marine,Clear,VIO,28,VIO_28_12,3,VIO_28_3,,O2I_SW2_002_Sample0024,33,7.9003,6.21,13.06,1708.043154,128.8668619,4.055938493,-24.1,0.213520027,0.277960414,0.253026336,0.059908812,0.10981487,0.91423046,0.233551644,0.304037578,0.276764281,0.065529223,0.120117274,0.299080867,0.424154852,0.276764281,0.700919133,0.011416366,2.74,0.43,0.03,0.41,5.3,-15.8,-2.06,0.05850154,NA,NA,NA,NA,NA,NA,NA,NA,NA,"western point of 2nd horiz trnsect. Water clearer, approx 3 km from glacier front",VIO28-1.csv,13,0.19324,31.82,394.93,109.24,29.178,0.066057,9.5478,1025.644076,25.535,VIO28,Day 9,97,downcast,Sverdrup,Sverdrup,7,VIO28-1.csv.13,2008-05-19,17:58:00,,,,,,,,,,,,,,,,,,,,,,,,,,,,,,,,,,,,,,,,,,,,,,,,,,,,,,,,,,,,
VIO_29,75.749558,-83.201819,0.7,2,107,100,Summer,Marine,Summer_Marine,Sverdrup,Glaciated,Plume,Surface,Marine,Plume,VIO,29,VIO_29_2,2,VIO_29_2,,O2I_SW2_002_Sample0022,26,0.6685,5.87,12.77,1562.802094,36.32418816,5.69566882,-25,0.306411657,0.269685065,0.180354598,0.07330045,0.079690942,0.909442713,0.336922439,0.296538816,0.198313314,0.080599305,0.087626126,0.417521744,0.384164942,0.198313314,0.582478256,0.010343713,5.6,0.45,0.02,1.77,0,-29.4,-3.86,0.120082107,NA,NA,NA,NA,NA,NA,NA,NA,NA,"in plume, repeat station, again ~ 1-2h prior to low tide",VIO29-1.csv,3,0.93752,29.675,386.25,107.39,5.6126,10.272,20.531,1023.833751,23.774,VIO29,Day 9,100,downcast,Sverdrup_rep,Sverdrup,2,VIO29-1.csv.3,2008-05-19,21:02:00,,,,,,,,,,,,,,,,,,,,,,,,,,,,,,,,,,,,,,,,,,,,,,,,,,,,,,,,,,,,
VIO_29,75.749648,-83.202058,0.7,7,107,100,Summer,Marine,Summer_Marine,Sverdrup,Glaciated,Plume,Surface,Marine,Plume,VIO,29,VIO_29_7,3,VIO_29_3,,O2I_SW2_001_Sample0016,30,1.5288,6.34,14.12,1825.717453,41.70170233,4.985957041,-23.5,0.22361394,0.178549202,0.244903748,0.064212366,0.101974778,0.813254034,0.274961981,0.219549113,0.301140526,0.078957328,0.125391052,0.353919309,0.344940165,0.301140526,0.646080691,0.013108593,2.34,0.3,0.01,0.33,0.35,-22,-2.88,0.086554909,NA,NA,NA,NA,NA,NA,NA,NA,NA,"in plume, repeat station, again ~ 1-2h prior to low tide",VIO29-1.csv,8,0.9499,30.859,396.33,110.18,9.7807,0.07902,5.2334,1024.808099,24.724,VIO29,Day 9,100,downcast,Sverdrup_rep,Sverdrup,2,VIO29-1.csv.8,2008-05-19,21:02:00,,,,,,,,,,,,,,,,,,,,,,,,,,,,,,,,,,,,,,,,,,,,,,,,,,,,,,,,,,,,
VIO_30,75.759826,-83.236499,2.48,2,159,140,Summer,Marine,Summer_Marine,Sverdrup,Glaciated,Surface,Surface,Marine,Plume,VIO,30,VIO_30_2,4,VIO_30_4,,O2I_SW2_002_Sample0040,13,0.5511,5.69,10.81,1776.705405,30.26387363,3.003561319,-22.5,0.301654175,0.301970434,0.268215144,0.066879649,0.076505474,1.015224876,0.297130401,0.297441918,0.264192841,0.065876685,0.075358155,0.363007086,0.372800073,0.264192841,0.636992914,0.010872186,2.78,0.26,0,0.61,0,-24.4,-3.23,0.098528909,NA,NA,NA,NA,NA,NA,NA,NA,NA,"western side of sg terminus, in plume",VIO30-1.csv,3,1.1254,30.574,396.34,109.36,33.311,3.9454,9.3708,1024.544681,24.485,VIO30,Day 10,104,downcast,Sverdrup_bio,Sverdrup,4,VIO30-1.csv.3,2008-06-19,14:23:00,,,,,,,,,,,,,,,,,,,,,,,,,,,,,,,,,,,,,,,,,,,,,,,,,,,,,,,,,,,,
VIO_30,75.759945,-83.234649,2.48,10,159,140,Summer,Marine,Summer_Marine,Sverdrup,Glaciated,10-100m,10-100m,Marine,Plume,VIO,30,VIO_30_10,5,VIO_30_5,,O2I_SW2_002_Sample0035,34,5.8781,6.03,12.13,1772.730143,95.6360061,5.043276637,-23.9,0.277659648,0.375643809,0.261578644,0.063300149,0.092108291,1.070290541,0.259424556,0.350973679,0.24439966,0.059142958,0.086059147,0.318567514,0.437032826,0.24439966,0.681432486,0.012969601,2.5,0.38,0,0.22,2.85,-15.5,-2.03,0.057475197,NA,NA,NA,NA,NA,NA,NA,NA,NA,"western side of sg terminus, in plume",VIO30-1.csv,11,-0.097416,31.944,390.95,107.43,29.526,-0.21798,3.1901,1025.747482,25.648,VIO30,Day 10,104,downcast,Sverdrup_bio,Sverdrup,4,VIO30-1.csv.11,2008-06-19,14:23:00,,,,,,,,,,,,,,,,,,,,,,,,,,,,,,,,,,,,,,,,,,,,,,,,,,,,,,,,,,,,
VIO_30,75.761268,-83.243766,2.48,47,159,140,Summer,Marine,Summer_Marine,Sverdrup,Glaciated,10-100m,10-100m,Marine,Plume,VIO,30,VIO_30_47,9,VIO_30_9,,O2I_SW2_002_Sample0039,20,0.1401,5.35,13.04,1816.782504,145.3012491,13.42732129,-24.9,0.235635916,0.306558556,0.258528101,0.066586751,0.100162637,0.967471962,0.243558393,0.316865571,0.267220252,0.06882551,0.103530274,0.312383903,0.420395845,0.267220252,0.687616097,0.010627764,12.73,0.94,0.07,6.73,0.87,-13,-1.72,0.046869654,NA,NA,NA,NA,NA,NA,NA,NA,NA,"western side of sg terminus, in plume",VIO30-1.csv,48,-1.5301,32.634,296.75,78.445,0.4623,-0.26129,1.2734,1026.536273,26.257,VIO30,Day 10,104,downcast,Sverdrup_bio,Sverdrup,4,VIO30-1.csv.48,2008-06-19,14:23:00,,,,,,,,,,,,,,,,,,,,,,,,,,,,,,,,,,,,,,,,,,,,,,,,,,,,,,,,,,,,
VIO_30,75.762128,-83.242813,2.48,110,159,140,Summer,Marine,Summer_Marine,Sverdrup,Glaciated,>100m,>100m,Marine,Plume,VIO,30,VIO_30_110,10,VIO_30_10,,O2I_SW2_002_Sample0034,21,0.1852,4.47,14.33,1844.558705,130.9052091,11.11179672,-25.7,0.31388346,0.150794654,0.245475204,0.071238621,0.048311111,0.82970305,0.378308191,0.18174533,0.295859107,0.085860383,0.058226989,0.464168574,0.239972319,0.295859107,0.535831426,0.010400078,13.25,0.83,0.05,6.75,0.05,-13.2,-1.75,0.047895997,NA,NA,NA,NA,NA,NA,NA,NA,NA,"western side of sg terminus, in plume",VIO30-1.csv,111,-1.5649,32.661,284.92,75.196,0.65669,-0.22913,2.3093,1026.864415,26.279,VIO30,Day 10,104,downcast,Sverdrup_bio,Sverdrup,4,VIO30-1.csv.111,2008-06-19,14:23:00,,,,,,,,,,,,,,,,,,,,,,,,,,,,,,,,,,,,,,,,,,,,,,,,,,,,,,,,,,,,
VIO_31,75.827572,-82.979912,13.3,4,90,100,Summer,Marine,Summer_Marine,Sverdrup,Glaciated,Surface,Surface,Marine,Clear,VIO,31,VIO_31_4,2,VIO_31_2,,O2I_SW2_002_Sample0029,4,0.1752,3.49,10.12,1642.783291,141.1527906,3.787189763,-23.5,0.311698335,0.200273734,0.263084171,0.071016822,0.072519949,0.918593013,0.339321474,0.21802227,0.286399056,0.077310432,0.078946768,0.416631906,0.296969038,0.286399056,0.583368094,0.01137,1.83,0.27,0,0.19,1.2,-17.7,-2.33,0.067738625,NA,NA,NA,NA,NA,NA,NA,NA,NA,"11.5 km from Sverdrup terminus, surface turbidity max still there, some plume reminant?",VIO31-1.csv,5,0.55592,31.454,370.3,104.15,2.6766,45.191,1.7753,1025.292251,25.223,VIO31,Day 11,114,downcast,Sverdrup,Sverdrup,9,VIO31-1.csv.5,2008-07-19,0:45:00,,,,,,,,,,,,,,,,,,,,,,,,,,,,,,,,,,,,,,,,,,,,,,,,,,,,,,,,,,,,
VIO_31,75.827551,-82.979653,13.3,20,90,100,Summer,Marine,Summer_Marine,Sverdrup,Glaciated,10-100m,10-100m,Marine,Clear,VIO,31,VIO_31_20,3,VIO_31_3,,O2I_SW2_002_Sample0023,9,3.3219,3.59,10.88,1791.408496,75.01895872,5.258966681,-22.9,0.233373236,0.347714829,0.249721236,0.068802012,0.102032897,1.001644209,0.232990151,0.347144051,0.249311316,0.068689073,0.101865409,0.301679224,0.44900946,0.249311316,0.698320776,0.012648659,3.55,0.42,0,0.52,0.51,-13.8,-1.85,0.05131714,NA,NA,NA,NA,NA,NA,NA,NA,NA,"11.5 km from Sverdrup terminus, surface turbidity max still there, some plume reminant?",VIO31-1.csv,21,-0.62865,32.065,356.1,96.013,16.789,0.86007,1.1825,1025.91517,25.767,VIO31,Day 11,114,downcast,Sverdrup,Sverdrup,9,VIO31-1.csv.21,2008-07-19,0:45:00,,,,,,,,,,,,,,,,,,,,,,,,,,,,,,,,,,,,,,,,,,,,,,,,,,,,,,,,,,,,
VIO_31,75.82693,-82.976227,13.3,40,90,100,Summer,Marine,Summer_Marine,Sverdrup,Glaciated,10-100m,10-100m,Marine,Clear,VIO,31,VIO_31_40,4,VIO_31_4,,O2I_SW2_002_Sample0026,23,2.2973,5.89,12.67,1776.696517,143.1911378,9.783465188,-25.8,0.304297288,0.188633875,0.245221052,0.068947629,0.064323404,0.871423249,0.349195742,0.216466425,0.281402926,0.079120713,0.073814194,0.428316455,0.290280619,0.281402926,0.571683545,0.01138653,11.36,0.91,0.07,5.29,1.52,-13.6,-1.8,0.049606569,NA,NA,NA,NA,NA,NA,NA,NA,NA,"11.5 km from Sverdrup terminus, surface turbidity max still there, some plume reminant?",VIO31-1.csv,41,-0.88982,32.32,331.67,89.004,7.6168,-0.26249,1.0749,1026.2278,25.983,VIO31,Day 11,114,downcast,Sverdrup,Sverdrup,9,VIO31-1.csv.41,2008-07-19,0:45:00,,,,,,,,,,,,,,,,,,,,,,,,,,,,,,,,,,,,,,,,,,,,,,,,,,,,,,,,,,,,
VIO_31,75.826822,-82.976102,13.3,67,90,100,Summer,Marine,Summer_Marine,Sverdrup,Glaciated,10-100m,10-100m,Marine,Clear,VIO,31,VIO_31_67,5,VIO_31_5,,O2I_SW2_001_Sample0010,32,0.7855,5.51,13.4,1791.845815,111.6107166,10.14661311,-24.6,0.257390298,0.275329944,0.212116079,0.05430765,0.127309471,0.926453443,0.277823241,0.297187027,0.228954926,0.058618865,0.137415941,0.336442106,0.434602968,0.228954926,0.663557894,0.012132544,9.57,0.69,0.05,5.11,1.77,-13.3,-1.75,0.047895997,NA,NA,NA,NA,NA,NA,NA,NA,NA,"11.5 km from Sverdrup terminus, surface turbidity max still there, some plume reminant?",VIO31-1.csv,68,-1.0776,32.482,311.93,83.429,2.5233,-0.28181,0.86234,1026.495893,26.12,VIO31,Day 11,114,downcast,Sverdrup,Sverdrup,9,VIO31-1.csv.68,2008-07-19,0:45:00,,,,,,,,,,,,,,,,,,,,,,,,,,,,,,,,,,,,,,,,,,,,,,,,,,,,,,,,,,,,
VIO_32,75.891282,-82.923124,18.13,20,522,400,Summer,Marine,Summer_Marine,Sverdrup,Glaciated,10-100m,10-100m,Marine,Clear,VIO,32,VIO_32_20,7,VIO_32_7,,O2I_SW2_003_Sample0031,7,NA,3.81,10.24,1805.73153,63.21182324,5.762912627,-28.6,0.333451573,0.373260604,0.250971031,0.076390471,0.113849165,1.147922845,0.290482566,0.325161753,0.218630574,0.066546695,0.099178412,0.357029261,0.424340165,0.218630574,0.642970739,0.009527288,3.31,0.55,0.01,1.12,0.65,-15.2,-2.05,0.058159425,NA,NA,NA,NA,NA,NA,NA,NA,NA,"18km from Sverdrup terminus; water is clear; out of plume; Large wire angle; Erin put out 540m of line and only got to 395m, so 30% wire angle",VIO32-1.csv,21,-0.31908,31.97,355.06,97.077,0.98446,24.938,0.59235,1025.826336,25.679,VIO32,Day 11,119,downcast,Sverdrup_distal,Sverdrup,10,VIO32-1.csv.21,2008-07-19,15:08:00,,,,,,,,,,,,,,,,,,,,,,,,,,,,,,,,,,,,,,,,,,,,,,,,,,,,,,,,,,,,
VIO_32,75.892368,-82.926896,18.13,60,522,400,Summer,Marine,Summer_Marine,Sverdrup,Glaciated,10-100m,10-100m,Marine,Clear,VIO,32,VIO_32_60,8,VIO_32_8,,O2I_SW2_002_Sample0037,10,0.2333,3.8,10.63,1773.852208,67.05188694,10.85557034,-21.9,0.28860839,0.231033561,0.248875075,0.068754674,0.071948057,0.909219756,0.31742424,0.254100903,0.273723787,0.075619423,0.079131647,0.393043663,0.33323255,0.273723787,0.606956337,0.01397881,10.7,0.8,0.06,5.37,3.27,-13.2,-1.76,0.048238112,NA,NA,NA,NA,NA,NA,NA,NA,NA,"18km from Sverdrup terminus; water is clear; out of plume; Large wire angle; Erin put out 540m of line and only got to 395m, so 30% wire angle",VIO32-1.csv,61,-1.0636,32.495,322.11,86.177,0.46703,0.68774,0.57493,1026.471724,26.13,VIO32,Day 11,119,downcast,Sverdrup_distal,Sverdrup,10,VIO32-1.csv.61,2008-07-19,15:08:00,,,,,,,,,,,,,,,,,,,,,,,,,,,,,,,,,,,,,,,,,,,,,,,,,,,,,,,,,,,,
VIO_32,75.891288,-82.918896,18.13,125,522,400,Summer,Marine,Summer_Marine,Sverdrup,Glaciated,>100m,>100m,Marine,Clear,VIO,32,VIO_32_125,2,VIO_32_2,,O2I_SW2_002_Sample0036,16,0.0773,4.32,12.34,2014.182347,66.66536516,13.29302801,-25.8,0.284382636,0.422844398,0.300648328,0.07190468,0.11786833,1.197648373,0.23745086,0.353062224,0.251032219,0.060038223,0.098416474,0.297489083,0.451478698,0.251032219,0.702510917,0.009644815,NA,NA,NA,NA,NA,-12.8,-1.66,0.044816969,NA,NA,NA,NA,NA,NA,NA,NA,NA,"18km from Sverdrup terminus; water is clear; out of plume; Large wire angle; Erin put out 540m of line and only got to 395m, so 30% wire angle",VIO32-1.csv,126,-1.0001,32.812,293.85,78.816,0.15249,-0.16374,0.50944,1027.040203,26.385,VIO32,Day 11,119,downcast,Sverdrup_distal,Sverdrup,10,VIO32-1.csv.126,2008-07-19,15:08:00,,,,,,,,,,,,,,,,,,,,,,,,,,,,,,,,,,,,,,,,,,,,,,,,,,,,,,,,,,,,
VIO_32,75.892769,-82.9243,18.13,350,522,400,Summer,Marine,Summer_Marine,Sverdrup,Glaciated,>100m,>100m,Marine,Clear,VIO,32,VIO_32_350,3,VIO_32_3,,O2I_SW2_002_Sample0030,31,0.0268,4.03,11.67,2101.367519,57.74319971,17.38771982,-24.7,0.30773668,0.406746473,0.276433258,0.070804779,0.117435242,1.179156431,0.260980368,0.344947,0.234433066,0.060046977,0.099592589,0.321027345,0.444539589,0.234433066,0.678972655,0.006553477,14.37,0.79,0.02,9.53,2.87,-3,-0.35,0,NA,NA,NA,NA,NA,NA,NA,NA,NA,"18km from Sverdrup terminus; water is clear; out of plume; Large wire angle; Erin put out 540m of line and only got to 395m, so 30% wire angle",VIO32-1.csv,351,0.15891,34.282,232.8,65.058,0.14746,-0.31276,0.43427,1029.243213,27.522,VIO32,Day 11,119,downcast,Sverdrup_distal,Sverdrup,10,VIO32-1.csv.351,2008-07-19,15:08:00,,,,,,,,,,,,,,,,,,,,,,,,,,,,,,,,,,,,,,,,,,,,,,,,,,,,,,,,,,,,
VIO_33,75.938474,-82.795895,26.4,15,592,560,Summer,Marine,Summer_Marine,Sverdrup,Glaciated,10-100m,10-100m,Marine,Clear,VIO,33,VIO_33_15,2,VIO_33_2,,O2I_SW_001_Sample0009,3,0.597,2.48,10.04,1760.784857,65.90594757,4.189466013,-23.1,0.316879305,0.218701884,0.253603265,0.072316792,0.072692565,0.934193811,0.339200818,0.234107614,0.271467507,0.077410909,0.077813152,0.416611727,0.311920766,0.271467507,0.583388273,0.009180247,0.8,0.33,0,0,0.43,-16.3,-2.16,0.061922682,NA,NA,NA,NA,NA,NA,NA,NA,NA,25km from Sverdrup terminus; middle of jones sound; water visability is good; large (30%+) wire angle; Erin put out 540m of line to reach depth of 400m hopefully; cast up at 22:00h,VIO33-1.csv,16,1.4391,30.675,355.55,100.33,2.4016,7.3305,0.89099,1024.670112,24.548,VIO33,Day 11,127,downcast,Sverdrup_distal,Sverdrup,11,VIO33-1.csv.16,2008-07-19,21:37:00,,,,,,,,,,,,,,,,,,,,,,,,,,,,,,,,,,,,,,,,,,,,,,,,,,,,,,,,,,,,
VIO_33,75.938601,-82.796334,26.4,50,592,560,Summer,Marine,Summer_Marine,Sverdrup,Glaciated,10-100m,10-100m,Marine,Clear,VIO,33,VIO_33_50,3,VIO_33_3,,O2I_SW2_002_Sample0032,6,1.2741,3.76,11.71,1743.687983,66.08855844,6.874428757,-29.6,0.323641406,0.625769057,0.282961923,0.076785438,0.150075904,1.459233728,0.2217886,0.428834014,0.193911309,0.052620383,0.102845693,0.274408983,0.531679707,0.193911309,0.725591016,0.010560411,5.36,0.61,0.01,1.5,1.06,-14.5,-1.93,0.054054054,NA,NA,NA,NA,NA,NA,NA,NA,NA,25km from Sverdrup terminus; middle of jones sound; water visability is good; large (30%+) wire angle; Erin put out 540m of line to reach depth of 400m hopefully; cast up at 22:00h,VIO33-1.csv,51,-0.33404,32.162,360.63,98.088,4.0254,-0.017787,0.6732,1026.12668,25.835,VIO33,Day 11,127,downcast,Sverdrup_distal,Sverdrup,11,VIO33-1.csv.51,2008-07-19,21:37:00,,,,,,,,,,,,,,,,,,,,,,,,,,,,,,,,,,,,,,,,,,,,,,,,,,,,,,,,,,,,
VIO_33,75.932145,-82.769379,26.4,200,592,560,Summer,Marine,Summer_Marine,Sverdrup,Glaciated,>100m,>100m,Marine,Clear,VIO,33,VIO_33_200,4,VIO_33_4,,O2I_SW2_003_Sample0021,8,0.0374,3.28,11.41,1916.079617,122.053756,-0.17276016,-23.9,0.353433615,0.44254666,0.248053041,0.06991098,0.04639437,1.160338666,0.304595223,0.381394392,0.213776415,0.060250496,0.039983474,0.364845719,0.421377866,0.213776415,0.635154281,0.008257915,14.12,0.84,0.01,8.88,0,-7.6,-1.01,0.022579542,NA,NA,NA,NA,NA,NA,NA,NA,NA,25km from Sverdrup terminus; middle of jones sound; water visability is good; large (30%+) wire angle; Erin put out 540m of line to reach depth of 400m hopefully; cast up at 22:00h,VIO33-1.csv,201,-0.76651,33.486,270.81,73.447,0.15797,-0.16284,0.47217,1027.936275,26.922,VIO33,Day 11,127,downcast,Sverdrup_distal,Sverdrup,11,VIO33-1.csv.201,2008-07-19,21:37:00,,,,,,,,,,,,,,,,,,,,,,,,,,,,,,,,,,,,,,,,,,,,,,,,,,,,,,,,,,,,
VIO_33,75.935699,-82.780024,26.4,400,592,560,Summer,Marine,Summer_Marine,Sverdrup,Glaciated,>100m,>100m,Marine,Clear,VIO,33,VIO_33_400,5,VIO_33_5,,O2I_SW2_003_Sample0025,11,0.0382,3.12,11.6,1844.472427,58.68349414,15.37228286,-23.4,0.331655704,0.313185115,0.247469898,0.069830157,0.087917713,1.050058586,0.315844952,0.298254896,0.235672467,0.066501201,0.083726483,0.382346153,0.381981379,0.235672467,0.617653846,0.007368459,12.31,0.7,0,8.73,1.78,-3.5,-0.48,0.004447485,NA,NA,NA,NA,NA,NA,NA,NA,NA,25km from Sverdrup terminus; middle of jones sound; water visability is good; large (30%+) wire angle; Erin put out 540m of line to reach depth of 400m hopefully; cast up at 22:00h,VIO33-1.csv,401,0.20527,34.326,230.73,64.578,0.1064,-0.31759,0.4097,1029.513353,27.555,VIO33,Day 11,127,downcast,Sverdrup_distal,Sverdrup,11,VIO33-1.csv.401,2008-07-19,21:37:00,,,,,,,,,,,,,,,,,,,,,,,,,,,,,,,,,,,,,,,,,,,,,,,,,,,,,,,,,,,,
VIO_37,76.650893,-85.219614,0.29,5,138,120,Summer,Marine,Summer_Marine,Sydkap,Glaciated,Surface,Surface,Marine,Clear,VIO,37,VIO_37_5,2,VIO_37_2,,O2I_SW2_003_Sample0022,131,NA,3.23,7.67,1416.321924,133.1669369,8.183495151,-25.4,0.337102704,0.23615292,0.297658464,0.072227515,0.099617063,1.042758666,0.323279696,0.226469391,0.285452879,0.069265802,0.095532232,0.392545498,0.322001623,0.285452879,0.607454502,0.00830233,7.68,0.72,0.08,3.74,8.68,-45.8,-6.09,0.196373589,NA,NA,NA,NA,NA,NA,NA,NA,NA,Sydkap glacier; ~290m away from glacier front; pt1 on horizontal transect across; water vis is a few meters; not in a visible plume; re-did this first CTD cast b/c profile looked a bit strange and equilibrium file didn't separate.,VIO37-1.csv,6,-1.0888,29.061,347.51,91.086,0.81873,-2.8522,11.33,1023.425842,23.35,VIO37,Day 18,151,downcast,Sydkap,Sydkap,1,VIO37-1.csv.6,8/14/19,7:47:00,,,,,,,,,,,,,,,,,,,,,,,,,,,,,,,,,,,,,,,,,,,,,,,,,,,,,,,,,,,,
VIO_37,76.650992,-85.219397,0.29,37,138,120,Summer,Marine,Summer_Marine,Sydkap,Glaciated,10-100m,10-100m,Marine,Clear,VIO,37,VIO_37_37,3,VIO_37_3,,O2I_SW_001_Sample0017,132,0.0208,5.08,9.28,1687.144465,67.89489841,6.960476481,-26.8,0.278927971,0.301000315,0.192904247,0.063188236,0.085362573,0.921383343,0.302727386,0.326683044,0.209363723,0.068579746,0.0926461,0.371307132,0.419329144,0.209363723,0.628692867,0.010314378,6.08,0.5,0.04,1.95,1.6,-17.8,-2.29,0.066370168,NA,NA,NA,NA,NA,NA,NA,NA,NA,Sydkap glacier; ~290m away from glacier front; pt1 on horizontal transect across; water vis is a few meters; not in a visible plume; re-did this first CTD cast b/c profile looked a bit strange and equilibrium file didn't separate.,VIO37-1.csv,38,-1.0223,32.124,412.1,110.05,0.22309,-2.0668,3.6329,1026.058755,25.828,VIO37,Day 18,151,downcast,Sydkap,Sydkap,1,VIO37-1.csv.38,8/14/19,7:47:00,,,,,,,,,,,,,,,,,,,,,,,,,,,,,,,,,,,,,,,,,,,,,,,,,,,,,,,,,,,,
VIO_38,76.659154,-85.202821,0.33,5,122,120,Summer,Marine,Summer_Marine,Sydkap,Glaciated,Surface,Surface,Marine,Clear,VIO,38,VIO_38_5,2,VIO_38_2,,O2I_SW_001_Sample0002,127,0.1908,5.05,7.41,1486.909422,53.81938328,8.516782106,-24,0.270260846,0.28736137,0.250061847,0.066777057,0.07700859,0.95146971,0.284045664,0.302018411,0.262816403,0.070183061,0.08093646,0.354228725,0.382954871,0.262816403,0.645771274,0.009832081,10.54,0.81,0.08,5.39,7.54,-44.2,-5.81,0.186794389,NA,NA,NA,NA,NA,NA,NA,NA,NA,Sydkap glacier; ~330m away from glacier front; pt2 on horiztonal transect across; water vis is a few meters less than less station (~40cm); in a visible plume that is patchy,VIO38-1.csv,6,-1.1224,28.848,339.97,89.377,1.3162,-0.30729,37.958,1023.254064,23.178,VIO38,Day 18,155,downcast,Sydkap,Sydkap,2,VIO38-1.csv.6,8/14/19,9:30:00,,,,,,,,,,,,,,,,,,,,,,,,,,,,,,,,,,,,,,,,,,,,,,,,,,,,,,,,,,,,
VIO_38,76.659162,-85.202571,0.33,27,122,120,Summer,Marine,Summer_Marine,Sydkap,Glaciated,10-100m,10-100m,Marine,Clear,VIO,38,VIO_38_27,3,VIO_38_3,,O2I_SW_001_Sample0003,154,0.0127,5.8,8.95,1714.828813,63.26606735,6.200404162,-25.7,0.343480582,0.212957328,0.251301822,0.072339337,0.057055645,0.937134714,0.366522099,0.227243026,0.268159762,0.077192036,0.060883077,0.443714135,0.288126103,0.268159762,0.556285865,0.010186792,3.95,0.42,0.02,0.86,0.99,-16,-2.13,0.060896339,NA,NA,NA,NA,NA,NA,NA,NA,NA,Sydkap glacier; ~330m away from glacier front; pt2 on horiztonal transect across; water vis is a few meters less than less station (~40cm); in a visible plume that is patchy,VIO38-1.csv,28,-1.0491,31.488,372.51,98.752,0.49622,-0.33602,15.039,1025.496768,25.315,VIO38,Day 18,155,downcast,Sydkap,Sydkap,2,VIO38-1.csv.28,8/14/19,9:30:00,,,,,,,,,,,,,,,,,,,,,,,,,,,,,,,,,,,,,,,,,,,,,,,,,,,,,,,,,,,,
VIO_39,76.661138,-85.183592,0.55,7,88,80,Summer,Marine,Summer_Marine,Sydkap,Glaciated,Surface,Surface,Marine,Clear,VIO,39,VIO_39_7,2,VIO_39_2,,O2I_SW_001_Sample0014,155,0.0047,5.29,8.37,1614.570706,54.62317186,9.300917748,-25.5,0.3223189,0.347595246,0.266310063,0.074772413,0.112087272,1.123083893,0.2869945,0.309500695,0.237123927,0.066577762,0.099803116,0.353572262,0.409303811,0.237123927,0.646427738,0.009788829,6.3,0.71,0.06,3.12,6.75,-28.1,-3.71,0.114950393,NA,NA,NA,NA,NA,NA,NA,NA,NA,Sydkap glacier; ~550m from glacier front; pt3 on horizontal transect across; shore ~460m away; water vis is ~10 cm; in a plume.,VIO39-1.csv,8,-1.2054,29.32,355.85,92.822,2.3556,-0.10898,132.34,1023.647962,23.563,VIO39,Day 18,158,downcast,Sydkap,Sydkap,3,VIO39-1.csv.8,8/14/19,11:15:00,,,,,,,,,,,,,,,,,,,,,,,,,,,,,,,,,,,,,,,,,,,,,,,,,,,,,,,,,,,,
VIO_39,76.66113,-85.183623,0.55,27,88,80,Summer,Marine,Summer_Marine,Sydkap,Glaciated,10-100m,10-100m,Marine,Clear,VIO,39,VIO_39_27,3,VIO_39_3,,O2I_SW_002_Sample0028,158,0.0213,6.11,8.75,1802.032576,45.06956897,4.216279556,-24.1,0.288689729,0.277306903,0.265882975,0.069026657,0.075797704,0.976703969,0.295575464,0.283921138,0.272224731,0.070673059,0.077605607,0.366248523,0.361526745,0.272224731,0.633751476,0.011217923,4.67,0.5,0.02,0.96,1.12,-16.4,-2.14,0.061238454,NA,NA,NA,NA,NA,NA,NA,NA,NA,Sydkap glacier; ~550m from glacier front; pt3 on horizontal transect across; shore ~460m away; water vis is ~10 cm; in a plume.,VIO39-1.csv,28,-1.003,31.619,368.97,98.009,0.37871,-0.12849,12.809,1025.601321,25.419,VIO39,Day 18,158,downcast,Sydkap,Sydkap,3,VIO39-1.csv.28,8/14/19,11:15:00,,,,,,,,,,,,,,,,,,,,,,,,,,,,,,,,,,,,,,,,,,,,,,,,,,,,,,,,,,,,
VIO_40,76.627025,-85.117229,4.3,5,150,140,Summer,Marine,Summer_Marine,Sydkap,Glaciated,Surface,Surface,Marine,Clear,VIO,40,VIO_40_5,2,VIO_40_2,,O2I_SW2_003_Sample0023,128,0.2553,3.86,9.73,1785.719736,56.93758739,8.10473836,-24.3,0.312923985,0.398980647,0.236595612,0.070719562,0.126683152,1.145902959,0.273080703,0.348180135,0.206470898,0.06171514,0.110553124,0.334795843,0.458733259,0.206470898,0.665204157,0.008580055,5.89,0.47,0.05,2.59,3.9,-35.1,-4.54,0.143345878,NA,NA,NA,NA,NA,NA,NA,NA,NA,"Start of vertical transect from the head to the mouth of south cape fiord. Steamed past a small tidewater glacier next to Sydkap glacier, so we were in between the small tidewater (2nd to last glacier in fiord with sydkap being the last at the end of the fiod) and the surge glacier (3rd to last glacier in fiord). VIO40 is 4.3km from sydkap terminus and 5.2 km, from the serge glacier, in-line with small tidewater glacier. 2 m water visability.",VIO40-1.csv,6,-0.90102,28.834,366.59,97.352,0.44575,69.968,5.8337,1023.238195,23.163,VIO40,Day 18,161,downcast,S_Cape_Fiord,S_Cape,1,VIO40-1.csv.6,8/14/19,13:54:00,,,,,,,,,,,,,,,,,,,,,,,,,,,,,,,,,,,,,,,,,,,,,,,,,,,,,,,,,,,,
VIO_40,76.626875,-85.117228,4.3,13,150,140,Summer,Marine,Summer_Marine,Sydkap,Glaciated,10-100m,10-100m,Marine,Clear,VIO,40,VIO_40_13,3,VIO_40_3,,O2I_SW_002_Sample0038,146,0.2117,5.14,8.95,1766.541838,66.19524951,6.637895697,-23.9,0.330491284,0.315330092,0.257754307,0.073986337,0.092174469,1.069736489,0.308946444,0.294773615,0.240951215,0.069163142,0.086165584,0.378109586,0.380939199,0.240951215,0.621890414,0.010146265,4.62,0.44,0.02,1.19,0.98,-21.3,-2.83,0.084844338,NA,NA,NA,NA,NA,NA,NA,NA,NA,"Start of vertical transect from the head to the mouth of south cape fiord. Steamed past a small tidewater glacier next to Sydkap glacier, so we were in between the small tidewater (2nd to last glacier in fiord with sydkap being the last at the end of the fiod) and the surge glacier (3rd to last glacier in fiord). VIO40 is 4.3km from sydkap terminus and 5.2 km, from the serge glacier, in-line with small tidewater glacier. 2 m water visability.",VIO40-1.csv,14,-0.37397,30.361,398.21,106.6,0.77316,7.5591,2.9891,1024.495452,24.381,VIO40,Day 18,161,downcast,S_Cape_Fiord,S_Cape,1,VIO40-1.csv.14,8/14/19,13:54:00,,,,,,,,,,,,,,,,,,,,,,,,,,,,,,,,,,,,,,,,,,,,,,,,,,,,,,,,,,,,
VIO_40,76.625239,-85.116687,4.3,50,150,140,Summer,Marine,Summer_Marine,Sydkap,Glaciated,10-100m,10-100m,Marine,Clear,VIO,40,VIO_40_50,6,VIO_40_6,,O2I_SW_002_Sample0033,147,NA,5.03,9.7,2018.337405,83.92165006,6.918067037,-23.5,0.283091807,0.433003564,0.252354127,0.068555972,0.083117541,1.120123012,0.252732784,0.386567868,0.225291441,0.061203968,0.07420394,0.313936752,0.460771808,0.225291441,0.686063249,0.01106887,3.46,0.52,0.02,0.87,1.04,-14.4,-1.88,0.052343483,NA,NA,NA,NA,NA,NA,NA,NA,NA,"Start of vertical transect from the head to the mouth of south cape fiord. Steamed past a small tidewater glacier next to Sydkap glacier, so we were in between the small tidewater (2nd to last glacier in fiord with sydkap being the last at the end of the fiod) and the surge glacier (3rd to last glacier in fiord). VIO40 is 4.3km from sydkap terminus and 5.2 km, from the serge glacier, in-line with small tidewater glacier. 2 m water visability.",VIO40-1.csv,51,-1.2824,32.406,400.58,106.5,0.20705,-0.054269,2.5609,1026.35852,26.065,VIO40,Day 18,161,downcast,S_Cape_Fiord,S_Cape,1,VIO40-1.csv.51,8/14/19,13:54:00,,,,,,,,,,,,,,,,,,,,,,,,,,,,,,,,,,,,,,,,,,,,,,,,,,,,,,,,,,,,
VIO_40,76.625106,-85.116643,4.3,100,150,140,Summer,Marine,Summer_Marine,Sydkap,Glaciated,10-100m,10-100m,Marine,Clear,VIO,40,VIO_40_100,7,VIO_40_7,,O2I_SW_001_Sample0001,159,0.0175,5.38,7.66,1925.455482,59.37857252,15.20843794,-24.9,0.316700996,0.275995061,0.195982634,0.068728431,0.057317821,0.914724943,0.346225386,0.301724647,0.214253077,0.075135626,0.062661264,0.421361012,0.364385911,0.214253077,0.578638988,0.009265589,10.69,0.89,0.03,6.02,0,-11.3,-1.46,0.037974684,NA,NA,NA,NA,NA,NA,NA,NA,NA,"Start of vertical transect from the head to the mouth of south cape fiord. Steamed past a small tidewater glacier next to Sydkap glacier, so we were in between the small tidewater (2nd to last glacier in fiord with sydkap being the last at the end of the fiod) and the surge glacier (3rd to last glacier in fiord). VIO40 is 4.3km from sydkap terminus and 5.2 km, from the serge glacier, in-line with small tidewater glacier. 2 m water visability.",VIO40-1.csv,101,-1.3053,32.837,255.66,68.045,0.15905,-0.045166,1.5823,1026.950648,26.415,VIO40,Day 18,161,downcast,S_Cape_Fiord,S_Cape,1,VIO40-1.csv.101,8/14/19,13:54:00,,,,,,,,,,,,,,,,,,,,,,,,,,,,,,,,,,,,,,,,,,,,,,,,,,,,,,,,,,,,
VIO_41,76.579802,-85.034841,9.5,3,54,50,Summer,Marine,Summer_Marine,Sydkap,Glaciated,Surface,Surface,Marine,Clear,VIO,41,VIO_41_3,2,VIO_41_2,,O2I_SW_002_Sample0037,117,0.2257,3.8,9.38,1798.480648,52.99584844,8.880039815,-24.2,0.314460403,0.769553364,0.301549202,0.072629604,0.096014033,1.554206606,0.202328572,0.495142256,0.19402131,0.046730984,0.061776879,0.249059556,0.556919135,0.19402131,0.750940445,0.009106128,6.57,0.5,0.04,3,0.8,-35.5,-4.69,0.148477592,NA,NA,NA,NA,NA,NA,NA,NA,NA,"2nd point on vertical transect out of south cape fiord; in front of the serge glacier (3rd from last glacier in the fiord), on the west side; not a visible plume but cloudy water; water visibility 2-3m.",VIO41-1.csv,4,-0.93698,28.199,360.93,96.582,1.1205,16.973,8.2456,1022.715818,22.65,VIO41,Day 18,169,downcast,S_Cape_Fiord,S_Cape,2,VIO41-1.csv.4,8/14/19,21:15:00,,,,,,,,,,,,,,,,,,,,,,,,,,,,,,,,,,,,,,,,,,,,,,,,,,,,,,,,,,,,
VIO_41,76.579736,-85.03469,9.5,35,54,50,Summer,Marine,Summer_Marine,Sydkap,Glaciated,10-100m,10-100m,Marine,Clear,VIO,41,VIO_41_35,3,VIO_41_3,,O2I_SW_002_Sample0034,120,0.0315,5.37,9.19,1922.198495,69.32332675,5.63484944,-23.2,0.347657456,0.150586333,0.225393019,0.072012157,0.064037485,0.859686449,0.404400298,0.175164251,0.262180495,0.083765607,0.07448935,0.488165905,0.249653601,0.262180495,0.511834096,0.011694989,3.11,0.41,0.01,0.31,1.55,-16.5,-2.13,0.060896339,NA,NA,NA,NA,NA,NA,NA,NA,NA,"2nd point on vertical transect out of south cape fiord; in front of the serge glacier (3rd from last glacier in the fiord), on the west side; not a visible plume but cloudy water; water visibility 2-3m.",VIO41-1.csv,36,-0.8804,32.03,436.35,117.23,0.33935,-0.05385,2.8765,1025.968793,25.748,VIO41,Day 18,169,downcast,S_Cape_Fiord,S_Cape,2,VIO41-1.csv.36,8/14/19,21:15:00,,,,,,,,,,,,,,,,,,,,,,,,,,,,,,,,,,,,,,,,,,,,,,,,,,,,,,,,,,,,
VIO_42,76.413278,-84.720874,29.5,30,130,120,Summer,Marine,Summer_Marine,Sydkap,Glaciated,10-100m,10-100m,Marine,Clear,VIO,42,VIO_42_30,2,VIO_42_2,,O2I_SW2_002_Sample0031,130,0.0612,4.72,10.08,1949.132,68.32885132,4.824936313,-23.4,0.288419176,0.33789893,0.26826334,0.072876999,0.091750029,1.059208474,0.272296893,0.319010788,0.253267743,0.068803262,0.086621314,0.341100155,0.405632102,0.253267743,0.658899845,0.011253154,2.05,0.42,0.01,0.05,2.29,-15.5,-2.06,0.05850154,NA,NA,NA,NA,NA,NA,NA,NA,NA,3rd point on vertical transect out of south cape fiord; Eric's point; not in front of any glaciers; water visibilty at least 5 m,VIO42-1.csv,31,-0.55801,31.681,423.92,114.56,1.1221,0.33601,0.53282,1025.650555,25.455,VIO42,Day 18,172,downcast,S_Cape_Fiord,S_Cape,3,VIO42-1.csv.31,8/14/19,23:31:00,,,,,,,,,,,,,,,,,,,,,,,,,,,,,,,,,,,,,,,,,,,,,,,,,,,,,,,,,,,,
VIO_42,76.412877,-84.720442,29.5,100,130,120,Summer,Marine,Summer_Marine,Sydkap,Glaciated,10-100m,10-100m,Marine,Clear,VIO,42,VIO_42_100,3,VIO_42_3,,O2I_SW_002_Sample0032,139,0.0749,4.17,10.22,2096.892279,58.70956178,13.96726338,-24.2,0.301122433,0.224958367,0.223341818,0.07223826,0.066030257,0.887691134,0.339219827,0.253419639,0.251598568,0.081377697,0.07438427,0.420597524,0.327803909,0.251598568,0.579402477,0.013884809,15.27,0.97,0.07,7.92,0.45,-11.2,-1.5,0.039343141,NA,NA,NA,NA,NA,NA,NA,NA,NA,3rd point on vertical transect out of south cape fiord; Eric's point; not in front of any glaciers; water visibilty at least 5 m,VIO42-1.csv,101,-1.233,32.907,272.86,72.748,0.24427,-0.088239,0.65834,1027.004394,26.469,VIO42,Day 18,172,downcast,S_Cape_Fiord,S_Cape,3,VIO42-1.csv.101,8/14/19,23:31:00,,,,,,,,,,,,,,,,,,,,,,,,,,,,,,,,,,,,,,,,,,,,,,,,,,,,,,,,,,,,
VIO_34,75.706297,-84.486712,0.65,5,43,40,Summer,Marine,Summer_Marine,True_Love,Unglaciated,Surface,Surface,Marine,Clear,VIO,34,VIO_34_5,2,VIO_34_2,,O2I_SW2_003_Sample0028,2,NA,5.05,9.56,1775.705294,70.39012766,4.907312093,-24,0.290458338,0.454366587,0.314653601,0.062848125,0.080632351,1.202959001,0.241453231,0.377707458,0.261566355,0.052244611,0.067028345,0.293697842,0.444735803,0.261566355,0.706302158,0.010572886,1.5,0.19,0,0.17,1.13,-25.4,-3.36,0.102976394,NA,NA,NA,NA,NA,NA,NA,NA,NA,non-glaciated transect by TL; water visability of 3.4m; not in a plume of any sort; turbidity max at the surface; chl max @depth; no drift! ~650m from shore,VIO34-1.csv,6,2.4362,29.798,377.3,111.15,0.56332,39.902,1.1407,1023.854269,23.78,VIO34,Day 13,133,downcast,True_Love,Unglaciated,1,VIO34-1.csv.6,2008-09-19,8:46:00,,,,,,,,,,,,,,,,,,,,,,,,,,,,,,,,,,,,,,,,,,,,,,,,,,,,,,,,,,,,
VIO_34,75.706234,-84.486237,0.65,32,43,40,Summer,Marine,Summer_Marine,True_Love,Unglaciated,10-100m,10-100m,Marine,Clear,VIO,34,VIO_34_32,3,VIO_34_3,,O2I_SW2_003_Sample0032,18,1.4476,5.06,10.99,1962.283828,72.90343827,4.454591422,-24.2,0.291820677,0.162220098,0.22216648,0.06366887,0.079817432,0.819693557,0.35601192,0.197903346,0.27103602,0.077673991,0.097374722,0.433685911,0.295278068,0.27103602,0.566314088,0.012321437,3,0.47,0,0,0.39,-15,-1.96,0.055080397,NA,NA,NA,NA,NA,NA,NA,NA,NA,non-glaciated transect by TL; water visability of 3.4m; not in a plume of any sort; turbidity max at the surface; chl max @depth; no drift! ~650m from shore,VIO34-1.csv,33,-0.70423,32.034,363.63,97.977,11.881,0.051897,1.1561,1025.951186,25.746,VIO34,Day 13,133,downcast,True_Love,Unglaciated,1,VIO34-1.csv.33,2008-09-19,8:46:00,,,,,,,,,,,,,,,,,,,,,,,,,,,,,,,,,,,,,,,,,,,,,,,,,,,,,,,,,,,,
VIO_35,75.717284,-84.511053,2,5,74,70,Summer,Marine,Summer_Marine,True_Love,Unglaciated,Surface,Surface,Marine,Clear,VIO,35,VIO_35_5,2,VIO_35_2,,O2I_SW2_002_Sample0027,135,NA,6.73,7.19,1484.22239,68.23844447,4.160392209,-24,0.297157671,0.25188083,0.234158881,0.071964389,0.077578588,0.93274036,0.318585625,0.270043884,0.251044011,0.077153721,0.083172758,0.395739346,0.353216642,0.251044011,0.604260653,0.010952815,1.76,0.22,0,0.15,0.45,-25.2,-3.34,0.102292166,NA,NA,NA,NA,NA,NA,NA,NA,NA,non-glaciated transect by TL; pt.2; water visability of 3-4m; ~2km from shore,VIO35-1.csv,6,2.6925,29.689,377.22,110.99,0.24827,83.044,1.3289,1023.748586,23.674,VIO35,Day 13,136,downcast,True_Love,Unglaciated,2,VIO35-1.csv.6,2008-09-19,10:19:00,,,,,,,,,,,,,,,,,,,,,,,,,,,,,,,,,,,,,,,,,,,,,,,,,,,,,,,,,,,,
VIO_35,75.717219,-84.510801,2,33,74,70,Summer,Marine,Summer_Marine,True_Love,Unglaciated,10-100m,10-100m,Marine,Clear,VIO,35,VIO_35_33,3,VIO_35_3,,O2I_SW_002_Sample0039,136,1.6921,6.15,8.36,1794.153399,71.23995211,5.214663741,-23.7,0.3323685,0.212249742,0.261972045,0.069974912,0.057379303,0.933944501,0.355876071,0.227261621,0.280500656,0.074924058,0.061437594,0.430800129,0.288699215,0.280500656,0.569199871,0.012096904,2.12,0.39,0,0.35,0.13,-14.3,-1.88,0.052343483,NA,NA,NA,NA,NA,NA,NA,NA,NA,non-glaciated transect by TL; pt.2; water visability of 3-4m; ~2km from shore,VIO35-1.csv,34,-0.65802,31.999,369.01,99.563,11.201,0.86182,1.3007,1025.925544,25.715,VIO35,Day 13,136,downcast,True_Love,Unglaciated,2,VIO35-1.csv.34,2008-09-19,10:19:00,,,,,,,,,,,,,,,,,,,,,,,,,,,,,,,,,,,,,,,,,,,,,,,,,,,,,,,,,,,,
VIO_35,75.717661,-84.516901,2,47,74,70,Summer,Marine,Summer_Marine,True_Love,Unglaciated,10-100m,10-100m,Marine,Clear,VIO,35,VIO_35_47,6,VIO_35_6,,O2I_SW2_001_Sample0008,140,2.0054,5.15,9.21,1810.067124,67.78641018,9.281535212,-24.5,0.247740227,0.386055962,0.225330867,0.061313907,0.112535398,1.032976362,0.239831458,0.373731652,0.218137487,0.059356544,0.108942859,0.299188002,0.482674511,0.218137487,0.700811998,0.01247303,6.41,0.68,0.03,3.02,0.94,-14,-1.86,0.051659254,NA,NA,NA,NA,NA,NA,NA,NA,NA,non-glaciated transect by TL; pt.2; water visability of 3-4m; ~2km from shore,VIO35-1.csv,48,-0.96068,32.27,334.05,89.467,28.931,-0.22182,1.0347,1026.223437,25.944,VIO35,Day 13,136,downcast,True_Love,Unglaciated,2,VIO35-1.csv.48,2008-09-19,10:19:00,,,,,,,,,,,,,,,,,,,,,,,,,,,,,,,,,,,,,,,,,,,,,,,,,,,,,,,,,,,,
VIO_36,75.731667,-84.550726,3.5,15,149,140,Summer,Marine,Summer_Marine,True_Love,Unglaciated,10-100m,10-100m,Marine,Clear,VIO,36,VIO_36_15,2,VIO_36_2,,O2I_SW_002_Sample0031,12,0.3667,6.23,8.05,1839.475413,73.84366958,4.178390278,-25,0.303811211,0.311953404,0.212349324,0.072935433,0.082228727,0.983278098,0.308977909,0.317258571,0.215960596,0.074175793,0.083627132,0.383153702,0.400885703,0.215960596,0.616846299,0.012440574,1.08,0.25,0,0.15,0.42,-14.4,-1.94,0.054396168,NA,NA,NA,NA,NA,NA,NA,NA,NA,non-glaciated transect by TL; pt.3; ~3.5 km from shore; water viz is clear to 5 m,VIO36-1.csv,16,0.30917,31.512,412.25,114.5,1.5297,26.951,1.1694,1025.404647,25.282,VIO36,Day 13,144,downcast,True_Love,Unglaciated,3,VIO36-1.csv.16,2008-09-19,16:25:00,,,,,,,,,,,,,,,,,,,,,,,,,,,,,,,,,,,,,,,,,,,,,,,,,,,,,,,,,,,,
VIO_36,75.731803,-84.550336,3.5,35,149,140,Summer,Marine,Summer_Marine,True_Love,Unglaciated,10-100m,10-100m,Marine,Clear,VIO,36,VIO_36_35,3,VIO_36_3,,O2I_SW2_002_Sample0038,27,1.3759,5.63,8.71,1855.232137,155.488446,6.254314344,-23.9,0.318770266,0.153251692,0.242293559,0.071158292,0.070751596,0.856225405,0.372297136,0.17898522,0.282978708,0.083106962,0.082631975,0.455404098,0.261617195,0.282978708,0.544595903,0.011331807,3.96,0.48,0.02,1.23,0.14,-14.5,-1.88,0.052343483,NA,NA,NA,NA,NA,NA,NA,NA,NA,non-glaciated transect by TL; pt.3; ~3.5 km from shore; water viz is clear to 5 m,VIO36-1.csv,36,-0.7658,32.116,353.37,95.086,9.467,0.90833,0.92264,1026.034192,25.814,VIO36,Day 13,144,downcast,True_Love,Unglaciated,3,VIO36-1.csv.36,2008-09-19,16:25:00,,,,,,,,,,,,,,,,,,,,,,,,,,,,,,,,,,,,,,,,,,,,,,,,,,,,,,,,,,,,
VIO_36,75.732498,-84.547265,3.5,85,149,140,Summer,Marine,Summer_Marine,True_Love,Unglaciated,10-100m,10-100m,Marine,Clear,VIO,36,VIO_36_85,4,VIO_36_4,,O2I_SW2_003_Sample0029,143,1.3755,5.39,9.16,1889.913442,43.3145875,7.158832068,-25.6,0.279691867,0.265952824,0.249797857,0.068531157,0.07796588,0.941939585,0.296931853,0.282345947,0.2651952,0.072755364,0.082771635,0.369687217,0.365117582,0.2651952,0.630312782,0.010923319,12.24,0.87,0.07,6.23,1.35,-13.3,-1.74,0.047553883,NA,NA,NA,NA,NA,NA,NA,NA,NA,non-glaciated transect by TL; pt.3; ~3.5 km from shore; water viz is clear to 5 m,VIO36-1.csv,86,-1.1127,32.462,310.44,82.854,2.4773,-0.1054,0.7492,1026.568104,26.105,VIO36,Day 13,144,downcast,True_Love,Unglaciated,3,VIO36-1.csv.86,2008-09-19,16:25:00,,,,,,,,,,,,,,,,,,,,,,,,,,,,,,,,,,,,,,,,,,,,,,,,,,,,,,,,,,,,
VIO_36,75.732773,-84.546237,3.5,135,149,140,Summer,Marine,Summer_Marine,True_Love,Unglaciated,>100m,>100m,Marine,Clear,VIO,36,VIO_36_135,5,VIO_36_5,,O2I_SW_001_Sample0008,149,1.2275,4.37,12.89,1892.451421,26.0563471,6.511907912,-24.7,0.327757466,0.209841244,0.17851441,0.075996527,0.077508483,0.869618129,0.376898152,0.241302747,0.205279081,0.087390688,0.089129332,0.46428884,0.330432079,0.205279081,0.53571116,0.009492017,13.4,0.9,0.07,7.21,0.61,-11.6,-1.53,0.040369483,NA,NA,NA,NA,NA,NA,NA,NA,NA,non-glaciated transect by TL; pt.3; ~3.5 km from shore; water viz is clear to 5 m,VIO36-1.csv,136,-0.99925,32.732,290.67,77.944,3.3253,-0.12896,1.5132,1027.024173,26.32,VIO36,Day 13,144,downcast,True_Love,Unglaciated,3,VIO36-1.csv.136,2008-09-19,16:25:00,,,,,,,,,,,,,,,,,,,,,,,,,,,,,,,,,,,,,,,,,,,,,,,,,,,,,,,,,,,,